2021/5/6,618197,25524,1701,1039,8223,542,1577,3646,8410,5484,6407,39054,33990,143534,54869,2452,1380,2639,921,1256,3984,6285,6661,34928,3990,3996,13162,86645,33579,6645,2304,380,366,4518,6369,1951,1430,1383,2450,1106,25055,1776,2305,4360,2146,2406,2403,12817
2021/5/7,623703,25772,1725,1059,8260,558,1583,3717,8459,5520,6503,39292,34089,144441,55098,2480,1388,2723,934,1267,4031,6416,6712,35217,4044,4045,13292,87650,33860,6743,2323,384,368,4647,6541,1982,1442,1433,2469,1113,25314,1835,2364,4414,2224,2463,2461,12899
2021/5/8,630197,26175,1768,1076,8307,581,1591,3786,8526,5571,6616,39577,34250,145562,55401,2530,1398,2803,945,1267,4077,6546,6768,35660,4091,4119,13292,88671,34352,6831,2342,392,373,4836,6541,2021,1463,1511,2491,1117,25786,1911,2429,4414,2317,2463,2512,12992
2021/5/9,637210,26681,1781,1091,8339,596,1599,3860,8567,5600,6705,39856,34402,146594,55739,2568,1408,2866,954,1267,4114,6650,6823,36233,4146,4163,13292,89545,34918,6925,2359,392,375,4987,6751,2063,1479,1566,2501,1121,26833,1952,2479,4414,2391,2463,2558,13095
2021/5/10,642970,27090,1813,1104,8353,601,1608,3928,8607,5628,6768,40011,34574,147167,55976,2591,1420,2916,960,1314,4129,6778,6873,36706,4171,4202,13717,90213,35282,6994,2370,401,379,5124,6932,2121,1493,1593,2533,1123,27205,1996,2529,4730,2466,2604,2597,13131
2021/5/11,648851,27511,1838,1122,8361,620,1622,3966,8680,5650,6842,40289,34691,148092,56253,2646,1428,2957,962,1334,4154,6905,6938,37130,4216,4257,13813,91184,35552,7065,2389,404,385,5257,7100,2170,1506,1629,2555,1126,27608,2041,2563,4797,2525,2657,2649,13263
2021/5/12,655777,28040,1873,1138,8439,643,1638,4061,8749,5682,6946,40548,34872,149061,56572,2694,1445,3028,963,1347,4192,7040,7027,37707,4265,4309,13928,92035,35929,7137,2414,405,394,5443,7303,2231,1526,1685,2567,1132,28243,2091,2603,4914,2590,2697,2710,13372
2021/5/13,662688,28752,1895,1154,8457,650,1659,4114,8817,5731,7037,40837,35043,150071,56909,2743,1451,3084,972,1364,4228,7171,7130,38385,4310,4361,14076,92794,36311,7208,2442,407,401,5614,7509,2279,1542,1712,2587,1139,28744,2127,2649,5024,2666,2734,2762,13487
2021/5/14,668979,29345,1926,1178,8490,669,1681,4153,8884,5782,7087,41094,35211,150925,57249,2773,1465,3129,978,1376,4228,7327,7231,39009,4361,4408,14232,93370,36671,7277,2454,423,414,5780,7736,2337,1549,1743,2601,1144,29216,2169,2678,5116,2768,2764,2808,13621
2021/5/15,675121,29911,1942,1206,8522,684,1702,4214,8946,5825,7152,41340,35351,151697,57577,2815,1490,3174,987,1376,4311,7469,7337,39606,4424,4472,14232,94155,36985,7360,2471,429,424,5965,7946,2386,1558,1790,2612,1148,29737,2199,2712,5116,2830,2764,2842,13781
2021/5/16,680292,30402,1952,1223,8553,688,1715,4245,9014,5845,7203,41556,35486,152239,57873,2849,1510,3233,989,1376,4351,7588,7441,40200,4461,4507,14232,94775,37284,7426,2483,429,433,6136,8185,2423,1571,1807,2620,1150,30242,2226,2724,5116,2888,2764,2871,13859
2021/5/17,684939,30774,1981,1241,8577,692,1729,4268,9094,5867,7239,41691,35614,152658,58071,2859,1528,3249,993,1403,4374,7660,7498,40721,4490,4529,14676,95157,37549,7464,2487,436,437,6244,8396,2440,1585,1816,2629,1158,30525,2253,2740,5415,2916,2840,2909,13918
2021/5/18,689816,31307,2009,1257,8608,711,1751,4288,9125,5910,7304,41876,35703,153390,58318,2892,1548,3292,995,1409,4401,7803,7564,41083,4531,4586,14779,95666,37668,7522,2503,440,457,6374,8593,2506,1590,1833,2638,1173,30868,2279,2773,5485,2960,2867,2946,14086
2021/5/19,695360,31910,2033,1275,8641,718,1775,4331,9184,5947,7371,42068,35835,154156,58587,2924,1582,3328,1004,1423,4463,7939,7639,41622,4581,4633,14885,96142,37916,7593,2517,442,469,6508,8788,2562,1595,1858,2643,1188,31368,2321,2789,5485,3011,2887,2986,14289
2021/5/20,701255,32591,2099,1300,8669,727,1798,4366,9246,5983,7431,42296,35949,154999,58895,2950,1613,3356,1008,1433,4500,8048,7687,42286,4617,4687,15019,96643,38158,7635,2527,442,482,6631,9010,2609,1599,1884,2648,1198,31766,2342,2803,5685,3055,2924,3025,14487
2021/5/21,706620,33318,2128,1313,8698,733,1820,4399,9299,6029,7467,42478,36117,155648,59222,2981,1643,3381,1012,1447,4535,8140,7753,42919,4656,4725,15146,97058,38366,7666,2542,444,489,6742,9222,2645,1606,1901,2657,1215,32151,2378,2810,5765,3102,2939,3072,14694
2021/5/22,711360,33976,2147,1332,8719,740,1852,4425,9348,6063,7523,42659,36243,156250,59491,3013,1675,3436,1018,1447,4583,8223,7834,43501,4684,4768,15256,97464,38528,7705,2560,448,492,6847,9222,2681,1613,1922,2666,1242,32461,2394,2817,5834,3137,2939,3108,14925
2021/5/23,715940,34581,2158,1343,8729,741,1882,4446,9401,6081,7581,42824,36327,156785,59757,3046,1739,3472,1021,1447,4621,8287,7906,44093,4707,4792,15352,97738,38757,7726,2563,453,498,6930,9610,2736,1618,1939,2666,1266,32722,2411,2822,5902,3164,2939,3131,15081
2021/5/24,718984,34947,2178,1352,8737,742,1896,4468,9427,6108,7602,42907,36409,157125,59976,3067,1758,3495,1025,1475,4650,8333,7966,44523,4716,4815,15412,97954,38865,7737,2567,455,504,6971,9770,2761,1623,1948,2666,1281,32917,2422,2829,5951,3195,2975,3150,15185
2021/5/25,722605,35406,2212,1365,8755,750,1906,4481,9478,6136,7638,43034,36507,157667,60175,3095,1773,3596,1027,1480,4664,8421,8027,44803,4744,4856,15449,98281,38945,7765,2574,459,512,7029,9871,2790,1624,1961,2677,1310,33116,2438,2836,5982,3231,2992,3177,15441
2021/5/26,726912,35957,2263,1380,8777,753,1921,4509,9543,6183,7702,43198,36629,158410,60399,3119,1798,3632,1034,1490,4699,8495,8108,45220,4776,4898,15511,98610,39084,7795,2586,462,520,7111,9871,2831,1625,1970,2688,1337,33327,2450,2842,6033,3269,3002,3203,15743
2021/5/27,730936,36527,2283,1396,8801,755,1932,4527,9593,6226,7740,43328,36749,159094,60626,3142,1818,3650,1034,1506,4734,8567,8186,45664,4803,4945,15592,98919,39224,7822,2594,462,526,7185,9871,2865,1627,1976,2695,1375,33505,2471,2857,6084,3291,3008,3229,15983
2021/5/28,735092,36950,2315,1407,8823,755,1940,4542,9640,6278,7764,43433,36867,159708,60886,3159,1839,3691,1035,1522,4747,8628,8247,46057,4836,4988,15644,99208,39386,7839,2595,463,529,7244,10327,2881,1628,1983,2699,1398,33697,2478,2864,6143,3309,3019,3256,16296
2021/5/29,738713,37392,2340,1427,8840,755,1948,4558,9690,6303,7794,43588,36965,160247,61144,3179,1857,3713,1037,1522,4768,8691,8303,46439,4873,5037,15686,99424,39480,7858,2612,463,535,7292,10445,2902,1630,1992,2706,1423,33886,2494,2876,6182,3333,3019,3285,16631
2021/5/30,741524,37680,2341,1436,8850,755,1956,4570,9718,6329,7813,43710,37057,160695,61377,3198,1863,3727,1037,1522,4778,8745,8345,46786,4892,5076,15731,99621,39577,7876,2617,463,540,7319,10445,2910,1631,1997,2712,1448,34038,2500,2889,6212,3356,3019,3316,16902
2021/5/31,743743,37959,2352,1442,8854,755,1961,4583,9734,6342,7822,43777,37146,160955,61516,3206,1869,3752,1040,1543,4789,8787,8373,47090,4914,5107,15800,99719,39676,7891,2618,465,540,7340,10629,2924,1631,2003,2713,1468,34104,2503,2892,6238,3369,3032,3327,17044
2021/6/1,746158,38213,2368,1448,8874,758,1964,4588,9759,6375,7838,43891,37209,161426,61675,3229,1883,3772,1040,1550,4807,8858,8423,47233,4936,5136,15855,99920,39705,7914,2621,466,542,7360,10691,2939,1631,2012,2718,1493,34185,2510,2906,6249,3386,3034,3352,17267
2021/6/2,749213,38530,2383,1465,8894,758,1971,4602,9797,6402,7861,44023,37318,161913,61893,3247,1893,3790,1047,1558,4823,8935,8465,47538,4959,5169,15917,100133,39816,7933,2629,466,543,7397,10744,2956,1632,2019,2722,1520,34300,2513,2916,6281,3408,3037,3384,17564
2021/6/3,752080,38830,2393,1472,8919,760,1978,4612,9819,6427,7879,44145,37417,162421,62108,3266,1900,3799,1050,1568,4841,9007,8511,47824,4985,5206,15963,100357,39919,7953,2633,466,543,7428,10815,2968,1632,2025,2722,1539,34401,2519,2934,6298,3420,3042,3409,17808
2021/6/4,754669,39033,2406,1481,8949,760,1983,4623,9864,6450,7902,44247,37538,162893,62342,3276,1907,3810,1052,1576,4849,9042,8539,48111,5011,5247,16007,100546,39989,7981,2633,466,545,7444,10869,2981,1633,2027,2723,1553,34480,2524,2950,6318,3424,3046,3435,18055
2021/6/5,757325,39309,2415,1490,8964,760,1990,4632,9891,6475,7912,44366,37675,163329,62566,3289,1916,3824,1053,1576,4864,9086,8587,48377,5034,5281,16056,100720,40064,8000,2635,466,545,7464,10932,2991,1636,2033,2726,1572,34564,2528,2979,6328,3432,3046,3482,18316
2021/6/6,759398,39492,2417,1502,8975,760,1998,4643,9925,6488,7917,44447,37750,163680,62815,3297,1922,3839,1054,1576,4875,9108,8629,48595,5047,5296,16102,100865,40145,8009,2637,466,545,7476,10978,2994,1636,2037,2726,1600,34643,2528,2994,6340,3439,3046,3497,18499
2021/6/7,760886,39639,2426,1510,8977,760,1999,4656,9949,6509,7928,44491,37818,163915,62988,3299,1926,3843,1055,1672,4878,9134,8660,48764,5056,5311,16112,100933,40203,8015,2638,466,547,7488,11018,3000,1636,2039,2728,1610,34670,2528,3001,6349,3439,3046,3505,18603
2021/6/8,762613,39759,2436,1516,8986,760,2000,4662,9963,6537,7934,44574,37899,164284,63167,3305,1936,3851,1055,1684,4886,9156,8683,48860,5072,5328,16156,101123,40225,8026,2640,466,547,7496,11048,3019,1636,2042,2732,1617,34727,2533,3013,6354,3443,3048,3518,18762
2021/6/9,764784,39938,2440,1534,8995,761,2000,4677,9987,6571,7951,44695,38005,164724,63369,3315,1943,3855,1058,1727,4901,9179,8722,49029,5082,5357,16220,101276,40293,8037,2641,466,548,7509,11074,3034,1636,2048,2734,1626,34791,2534,3017,6367,3449,3049,3535,18936
2021/6/10,766894,40120,2442,1548,9004,761,2003,4689,10012,6603,7959,44805,38107,165163,63558,3331,1948,3861,1058,1745,4914,9204,8759,49275,5100,5373,16261,101424,40356,8042,2647,466,548,7521,11101,3045,1636,2058,2735,1637,34832,2535,3030,6377,3453,3051,3546,19102
2021/6/11,768812,40265,2444,1564,9012,761,2004,4689,10027,6629,7970,44892,38220,165598,63778,3340,1949,3861,1062,1777,4920,9226,8787,49445,5115,5385,16290,101552,40406,8057,2648,466,548,7533,11133,3058,1639,2062,2736,1645,34890,2538,3039,6386,3460,3056,3554,19247
2021/6/12,770791,40390,2447,1580,9023,762,2007,4701,10111,6663,7976,44975,38299,166065,64025,3357,1954,3869,1062,1777,4930,9257,8823,49593,5127,5398,16325,101678,40452,8068,2651,466,549,7544,11166,3065,1641,2063,2736,1652,34937,2538,3051,6393,3467,3056,3569,19404
2021/6/13,772198,40472,2448,1590,9030,763,2009,4714,10135,6671,7980,45040,38404,166369,64195,3362,1959,3875,1063,1777,4934,9267,8856,49716,5145,5405,16348,101774,40490,8077,2652,466,550,7550,11194,3066,1646,2065,2736,1661,34974,2539,3065,6402,3467,3056,3584,19508
2021/6/14,773268,40546,2448,1599,9036,763,2011,4721,10147,6688,7983,45081,38495,166578,64335,3364,1964,3880,1065,1841,4936,9278,8866,49817,5149,5416,16357,101831,40513,8081,2652,466,550,7551,11239,3069,1646,2067,2736,1667,34996,2539,3068,6404,3468,3056,3594,19562
2021/6/15,774604,40633,2451,1606,9046,764,2012,4721,10162,6713,7989,45151,38582,166915,64495,3371,1969,3883,1069,1848,4940,9292,8891,49863,5153,5430,16375,101941,40534,8099,2654,466,551,7556,11261,3084,1647,2074,2738,1683,35031,2539,3070,6404,3469,3056,3605,19669
2021/6/16,776290,40721,2452,1616,9050,764,2017,4732,10185,6728,7993,45238,38693,167416,64705,3376,1974,3887,1072,1862,4944,9305,8912,49961,5160,5449,16398,102049,40577,8108,2654,466,551,7564,11275,3090,1650,2078,2740,1689,35071,2542,3077,6419,3473,3056,3618,19784
2021/6/17,777843,40794,2452,1620,9057,764,2017,4741,10200,6739,7994,45317,38816,167868,64890,3382,1985,3894,1077,1868,4949,9318,8946,50070,5164,5470,16415,102144,40611,8121,2655,466,551,7568,11302,3090,1650,2079,2745,1699,35112,2543,3087,6425,3475,3062,3621,19881
2021/6/18,779432,40870,2452,1625,9061,764,2017,4754,10221,6762,7996,45380,38951,168321,65121,3383,2000,3901,1088,1881,4954,9340,8988,50169,5178,5474,16433,102223,40646,8134,2656,466,551,7571,11323,3095,1650,2082,2747,1705,35138,2543,3098,6432,3475,3067,3630,19967
2021/6/19,780931,40943,2453,1632,9064,765,2020,4764,10254,6776,7999,45459,39070,168709,65302,3384,2006,3911,1096,1881,4961,9357,9012,50273,5182,5485,16449,102334,40682,8145,2657,466,551,7577,11353,3101,1650,2083,2749,1715,35185,2546,3106,6432,3480,3067,3632,20064
2021/6/20,782213,40995,2453,1633,9066,769,2020,4775,10271,6791,8003,45531,39173,169085,65464,3384,2009,3912,1118,1881,4971,9366,9024,50361,5186,5495,16465,102440,40699,8159,2660,466,551,7579,11375,3108,1650,2083,2749,1725,35221,2546,3112,6432,3481,3067,3635,20125
2021/6/21,783220,41032,2453,1633,9068,776,2020,4785,10276,6806,8004,45584,39258,169321,65599,3384,2017,3914,1138,1981,4978,9371,9046,50444,5191,5496,16466,102482,40718,8164,2660,466,551,7580,11394,3111,1652,2083,2749,1733,35238,2546,3115,6440,3486,3067,3637,20158
2021/6/22,784567,41061,2453,1638,9075,785,2020,4791,10295,6835,8010,45677,39332,169756,65762,3387,2018,3920,1155,2005,4985,9389,9063,50479,5193,5509,16478,102589,40732,8187,2663,466,551,7581,11412,3116,1653,2084,2749,1749,35274,2546,3117,6450,3486,3069,3641,20232
2021/6/23,786353,41110,2455,1643,9085,787,2020,4803,10315,6857,8013,45785,39463,170375,65962,3390,2026,3922,1180,2019,5002,9401,9092,50575,5206,5518,16499,102714,40759,8208,2666,466,551,7582,11424,3117,1653,2085,2750,1763,35306,2549,3123,6457,3487,3070,3643,20328
2021/6/24,787988,41136,2463,1653,9091,792,2020,4814,10353,6876,8013,45904,39592,170945,66154,3392,2029,3926,1205,2036,5007,9414,9115,50649,5217,5524,16509,102830,40780,8227,2671,466,551,7584,11440,3119,1654,2085,2750,1768,35342,2553,3130,6464,3489,3072,3645,20390
2021/6/25,789735,41169,2465,1657,9099,804,2020,4822,10409,6902,8017,46004,39718,171507,66375,3394,2034,3927,1222,2059,5012,9420,9171,50749,5239,5535,16519,102950,40796,8244,2671,466,551,7584,11458,3125,1654,2091,2752,1777,35376,2553,3139,6464,3491,3076,3647,20472
2021/6/26,791346,41216,2476,1659,9104,825,2020,4840,10440,6939,8022,46100,39826,172041,66606,3397,2036,3927,1240,2059,5023,9429,9206,50815,5244,5537,16539,103038,40816,8263,2672,466,552,7587,11470,3130,1655,2091,2752,1788,35414,2554,3153,6464,3491,3076,3653,20546
2021/6/27,792641,41244,2477,1667,9108,835,2020,4851,10477,6959,8026,46185,39934,172427,66810,3397,2037,3928,1251,2059,5027,9431,9237,50861,5246,5541,16553,103134,40850,8281,2673,466,552,7588,11475,3132,1655,2093,2752,1797,35439,2554,3163,6464,3491,3076,3662,20607
2021/6/28,793701,41271,2479,1667,9113,848,2020,4864,10491,6977,8029,46253,40055,172744,67001,3398,2037,3929,1259,2087,5028,9434,9258,50902,5249,5542,16559,103174,40865,8294,2676,466,552,7588,11481,3133,1655,2093,2752,1810,35456,2554,3166,6477,3491,3076,3667,20632
2021/6/29,795026,41294,2490,1670,9120,862,2020,4868,10517,6996,8032,46329,40147,173220,67182,3398,2040,3930,1271,2093,5031,9439,9278,50922,5253,5551,16574,103275,40867,8318,2680,470,553,7588,11494,3133,1656,2095,2754,1820,35482,2555,3178,6478,3491,3076,3671,20716
2021/6/30,796835,41332,2500,1679,9126,875,2020,4882,10544,7025,8036,46437,40303,173934,67391,3401,2041,3931,1288,2097,5036,9442,9312,50971,5257,5555,16601,103383,40892,8338,2683,480,553,7588,11494,3141,1656,2097,2754,1824,35525,2555,3185,6484,3491,3090,3674,20783
2021/7/1,798573,41371,2502,1681,9140,890,2020,4905,10571,7052,8037,46579,40442,174607,67602,3403,2042,3935,1300,2101,5037,9447,9347,51024,5262,5559,16610,103491,40919,8345,2689,481,553,7591,11502,3145,1656,2097,2754,1831,35551,2561,3197,6485,3492,3094,3678,20846
2021/7/2,800333,41397,2511,1681,9163,897,2022,4927,10593,7081,8042,46704,40591,175267,67832,3408,2042,3941,1315,2106,5037,9454,9366,51073,5268,5563,16624,103614,40951,8362,2690,484,553,7595,11512,3152,1656,2098,2755,1841,35575,2563,3205,6486,3492,3099,3689,20907
2021/7/3,802203,41427,2518,1707,9175,904,2027,4940,10621,7109,8048,46820,40748,175983,68086,3414,2042,3949,1324,2106,5039,9458,9385,51116,5275,5567,16643,103762,40983,8373,2693,488,553,7595,11519,3157,1657,2099,2755,1844,35611,2565,3212,6486,3494,3099,3695,20983
2021/7/4,803652,41466,2520,1713,9187,907,2028,4962,10651,7120,8051,46944,40889,176501,68312,3423,2042,3954,1327,2106,5039,9466,9395,51161,5279,5571,16661,103850,41005,8378,2693,491,553,7596,11526,3159,1657,2100,2755,1851,35639,2565,3216,6486,3494,3099,3698,21017
2021/7/5,804760,41495,2521,1730,9191,908,2028,4974,10663,7134,8053,47020,41001,176843,68492,3427,2045,3965,1331,2124,5041,9468,9414,51224,5281,5571,16667,103928,41031,8381,2693,493,553,7596,11533,3160,1657,2100,2755,1852,35655,2565,3217,6492,3494,3101,3699,21045
2021/7/6,806351,41529,2526,1737,9206,915,2028,4985,10680,7159,8054,47157,41139,177436,68690,3434,2049,3972,1335,2125,5045,9472,9436,51245,5286,5580,16685,104064,41043,8392,2693,493,554,7599,11538,3162,1658,2104,2755,1859,35697,2567,3217,6492,3495,3102,3706,21107
2021/7/7,808499,41596,2531,1746,9222,918,2030,5012,10704,7173,8060,47314,41278,178356,68940,3448,2051,3981,1341,2135,5049,9476,9468,51295,5296,5588,16709,104214,41077,8401,2697,494,555,7603,11545,3163,1658,2104,2755,1868,35740,2569,3219,6494,3496,3104,3712,21165
2021/7/8,810756,41658,2538,1754,9247,929,2032,5029,10730,7192,8066,47469,41478,179252,69262,3457,2056,3994,1347,2139,5054,9480,9502,51380,5306,5599,16728,104339,41113,8414,2700,494,556,7605,11551,3169,1658,2106,2755,1877,35781,2570,3223,6494,3501,3107,3716,21200
2021/7/9,813004,41708,2538,1766,9272,931,2044,5049,10765,7209,8071,47618,41658,180074,69617,3463,2057,4008,1351,2144,5057,9484,9546,51429,5321,5607,16762,104482,41162,8434,2703,494,560,7609,11560,3171,1660,2112,2755,1880,35841,2570,3225,6495,3504,3107,3727,21255
2021/7/10,815446,41772,2538,1774,9298,935,2057,5074,10802,7229,8085,47765,41862,181024,69927,3475,2058,4023,1373,2144,5059,9491,9579,51495,5328,5621,16786,104682,41200,8456,2704,494,561,7613,11570,3173,1661,2114,2756,1889,35895,2570,3229,6495,3504,3107,3731,21319
2021/7/11,817461,41828,2539,1788,9319,939,2061,5090,10837,7242,8088,47928,42044,181638,70316,3489,2058,4034,1389,2144,5060,9494,9595,51559,5345,5626,16813,104849,41245,8465,2710,495,561,7616,11575,3175,1666,2118,2758,1896,35930,2570,3229,6495,3504,3107,3736,21349
2021/7/12,819013,41875,2541,1800,9332,941,2067,5099,10857,7252,8091,48038,42158,182140,70596,3491,2059,4045,1393,2160,5063,9503,9616,51623,5349,5631,16832,104954,41289,8473,2712,495,561,7622,11583,3175,1666,2119,2758,1898,35974,2571,3229,6500,3505,3111,3740,21377
2021/7/13,821313,41935,2548,1812,9362,944,2070,5108,10893,7280,8100,48217,42338,182970,70904,3497,2066,4061,1399,2171,5065,9512,9660,51665,5359,5640,16850,105179,41306,8497,2715,496,562,7628,11592,3177,1668,2120,2761,1904,36024,2572,3232,6501,3506,3114,3742,21442
2021/7/14,824474,42010,2554,1820,9403,950,2072,5124,10930,7298,8106,48460,42546,184119,71265,3515,2068,4094,1403,2173,5070,9530,9698,51735,5392,5651,16896,105528,41386,8519,2716,511,563,7638,11597,3180,1673,2123,2764,1914,36119,2575,3236,6505,3507,3117,3747,21525
2021/7/15,827885,42095,2561,1826,9448,955,2075,5141,10978,7311,8113,48788,42799,185427,71668,3534,2072,4115,1409,2175,5071,9536,9742,51806,5403,5662,16928,105850,41463,8536,2722,521,565,7657,11612,3181,1675,2124,2777,1923,36189,2581,3244,6508,3514,3118,3753,21585
2021/7/16,831297,42168,2564,1835,9496,964,2081,5155,11038,7337,8124,49077,43076,186698,72114,3548,2075,4156,1412,2176,5075,9555,9782,51879,5423,5672,16966,106104,41540,8558,2724,533,567,7668,11625,3185,1679,2128,2783,1937,36247,2590,3256,6516,3520,3118,3763,21661
2021/7/17,835096,42279,2572,1845,9530,972,2084,5171,11083,7385,8134,49395,43320,188108,72653,3566,2079,4189,1416,2176,5081,9560,9807,51945,5456,5681,17018,106484,41621,8575,2730,562,576,7677,11639,3191,1692,2129,2788,1945,36306,2594,3264,6516,3523,3118,3770,21742
2021/7/18,838191,42386,2579,1855,9549,974,2084,5171,11117,7397,8143,49682,43574,189116,73113,3577,2085,4212,1421,2176,5086,9566,9833,52019,5466,5688,17069,106746,41743,8595,2742,577,583,7686,11655,3193,1700,2132,2794,1955,36385,2597,3272,6516,3527,3118,3776,21812
2021/7/19,840657,42456,2579,1859,9560,974,2084,5198,11144,7420,8154,49881,43808,189843,73525,3585,2087,4237,1421,2187,5092,9568,9846,52113,5473,5699,17098,106970,41818,8614,2748,585,591,7700,11672,3193,1705,2132,2796,1960,36431,2605,3282,6533,3530,3127,3778,21847
2021/7/20,844242,42560,2599,1865,9580,977,2085,5206,11201,7440,8165,50195,44007,191230,73958,3621,2102,4260,1424,2190,5097,9582,9888,52149,5491,5709,17137,107283,41857,8640,2751,598,608,7716,11686,3196,1711,2136,2800,1968,36522,2614,3291,6539,3542,3132,3784,22001
2021/7/21,849135,42678,2602,1874,9608,984,2087,5229,11278,7482,8200,50576,44309,193062,74480,3645,2111,4326,1426,2197,5106,9593,9943,52242,5513,5722,17217,107774,41986,8678,2759,615,625,7749,11701,3200,1716,2144,2808,1973,36658,2621,3299,6549,3543,3139,3789,22170
2021/7/22,854407,42818,2606,1879,9626,986,2091,5242,11364,7515,8200,51086,44652,195041,75110,3682,2123,4388,1434,2197,5114,9607,10024,52349,5540,5722,17288,108235,42106,8710,2769,626,645,7782,11747,3204,1721,2148,2813,1980,36797,2629,3308,6549,3545,3139,3798,22323
2021/7/23,858743,42897,2608,1887,9646,988,2091,5266,11418,7555,8200,51487,44986,196400,75762,3696,2138,4435,1440,2218,5119,9622,10079,52493,5551,5757,17341,108614,42255,8722,2785,633,655,7810,11772,3204,1729,2152,2817,1987,36948,2633,3320,6549,3550,3139,3817,22423
2021/7/24,862255,43015,2608,1899,9651,990,2092,5289,11462,7586,8200,51832,45287,197528,76308,3724,2141,4470,1445,2218,5127,9634,10137,52561,5562,5768,17375,108897,42316,8737,2795,640,662,7841,11801,3206,1734,2156,2823,1989,37047,2636,3321,6549,3561,3139,3825,22522
2021/7/25,867023,43128,2616,1912,9675,994,2092,5289,11525,7629,8200,52281,45566,199291,76839,3748,2156,4542,1472,2218,5137,9641,10205,52630,5578,5780,17455,109368,42387,8756,2804,649,669,7868,11822,3211,1738,2161,2839,1994,37209,2638,3332,6549,3564,3139,3847,22731
2021/7/26,872053,43265,2619,1923,9685,996,2092,5378,11611,7682,8325,52728,46075,200720,77379,3773,2171,4621,1490,2268,5150,9656,10262,52738,5594,5805,17531,109742,42525,8778,2813,658,675,7891,11846,3218,1741,2163,2851,1999,37381,2641,3340,6661,3570,3167,3860,22847
2021/7/27,879359,43403,2628,1933,9711,997,2098,5419,11707,7790,8377,53321,46480,203568,78137,3814,2178,4692,1503,2279,5173,9674,10355,52808,5615,5836,17627,110483,42600,8823,2829,672,683,7926,11877,3227,1748,2171,2861,2009,37617,2655,3360,6705,3582,3180,3878,23201
2021/7/28,888822,43630,2636,1950,9755,1001,2101,5499,11901,7892,8447,54191,47057,206745,79188,3864,2199,4811,1520,2302,5189,9705,10473,52980,5652,5886,17802,111281,42860,8875,2856,683,690,7984,11912,3237,1755,2182,2876,2031,38022,2674,3384,6761,3594,3190,3902,23548
2021/7/29,899237,43890,2661,1962,9791,1006,2119,5585,12067,8034,8550,55055,47633,210610,80351,3917,2223,4905,1547,2325,5218,9728,10589,53244,5686,5918,17966,112213,42860,8938,2899,711,699,8043,11965,3253,1762,2215,2895,2056,38388,2699,3405,6823,3614,3206,3924,23940
2021/7/30,910258,44140,2676,1981,9841,1013,2126,5672,12289,8154,8656,55907,48386,213910,81769,3959,2260,5015,1577,2353,5253,9762,10707,53493,5719,5978,18132,113095,43394,8994,2937,758,713,8120,12030,3280,1778,2230,2906,2073,38866,2724,3444,6914,3635,3221,3947,24322
2021/7/31,922312,44424,2698,2002,9906,1020,2141,5756,12461,8324,8792,56943,49178,217968,83349,4017,2286,5105,1606,2353,5294,9780,10862,53720,5763,6023,18331,114135,43658,9055,2971,773,730,8185,12084,3297,1788,2273,2925,2087,39370,2747,3461,6914,3658,3221,3968,24761
2021/8/1,932361,44691,2712,2011,9944,1021,2153,5832,12663,8387,8896,57842,49944,221026,84607,4065,2307,5105,1631,2353,5333,9806,10954,54006,5800,6067,18497,115025,43987,9133,3004,799,738,8279,12149,3306,1793,2307,2933,2098,39804,2760,3495,6914,3687,3221,3999,25128
2021/8/2,941231,44908,2725,2025,9975,1024,2168,5907,12834,8462,8936,58604,50731,223221,86292,4096,2321,5242,1665,2457,5370,9825,11029,54237,5832,6122,18617,115473,44304,9168,3044,813,749,8329,12206,3309,1804,2335,2941,2108,40162,2782,3507,7096,3704,3267,4019,25337
2021/8/3,952861,45119,2751,2046,10049,1030,2200,6021,13031,8601,9084,59656,51512,226930,87590,4157,2340,5326,1708,2503,5414,9879,11166,54383,5899,6201,18807,116552,44469,9247,3077,838,759,8407,12243,3324,1811,2364,2972,2122,40672,2801,3551,7206,3726,3300,4064,25804
2021/8/4,966907,45485,2767,2065,10129,1038,2221,6116,13321,8779,9288,60856,52352,231096,89074,4235,2371,5444,1736,2550,5475,9922,11360,54640,5973,6304,19084,117776,44909,9337,3116,872,763,8538,12310,3351,1822,2391,3004,2128,41424,2832,3579,7322,3760,3329,4108,26406
2021/8/5,982124,45827,2793,2078,10232,1044,2254,6222,13506,8914,9445,62091,53294,236138,90920,4307,2424,5517,1758,2599,5538,9978,11537,55012,6030,6383,19358,118861,45330,9428,3141,916,773,8627,12423,3368,1834,2424,3044,2141,42142,2876,3630,7449,3791,3365,4159,27054
2021/8/6,997700,46110,2820,2106,10358,1057,2294,6301,13789,9052,9565,63311,54350,240653,93001,4395,2488,5595,1793,2666,5598,10028,11758,55376,6127,6472,19647,120171,45789,9533,3171,952,789,8728,12518,3389,1839,2465,3084,2164,42982,2910,3675,7577,3842,3398,4246,27619
2021/8/7,1013190,46457,2850,2145,10463,1073,2331,6400,14045,9216,9747,64759,55425,245219,94894,4477,2534,5677,1825,2666,5647,10095,11978,55761,6210,6589,19918,121294,46264,9628,3208,970,795,8848,12624,3420,1848,2524,3140,2176,43723,2948,3730,7728,3890,3398,4317,28167
2021/8/8,1027692,46765,2872,2166,10559,1087,2359,6481,14344,9314,9864,66123,56413,249285,96754,4550,2581,5732,1851,2666,5688,10145,12169,56218,6283,6678,20251,122458,46767,9717,3233,988,802,8935,12741,3444,1857,2574,3169,2185,44424,2982,3767,7810,3932,3398,4421,28741
2021/8/9,1040009,47075,2883,2179,10618,1096,2378,6562,14561,9409,9892,67283,57365,252169,98920,4600,2614,5803,1881,2666,5730,10201,12325,56593,6345,6749,20522,123453,47216,9776,3253,1005,810,9023,12914,3464,1863,2600,3198,2185,45048,3006,3805,7893,3971,3398,4487,29073
2021/8/10,1050863,47422,2909,2205,10705,1104,2393,6619,14784,9510,9994,68449,58225,254781,100492,4681,2649,5836,1902,2899,5770,10260,12492,56848,6400,6838,20629,124150,47489,9840,3272,1011,827,9087,12914,3496,1871,2638,3231,2194,45505,3058,3832,7983,4009,3537,4569,29405
2021/8/11,1065910,47773,2986,2245,10847,1117,2436,6710,14964,9676,10166,69676,59179,258981,102057,4755,2695,5911,1917,2937,5843,10386,12755,57107,6511,7000,20970,125640,47716,9982,3308,1034,839,9223,12972,3543,1876,2703,3316,2214,46242,3131,3887,8164,4070,3581,4677,30043
2021/8/12,1084120,48253,3028,2281,11067,1129,2462,6940,15238,9847,10332,71173,60217,263970,103860,4858,2766,6009,1935,2991,5927,10509,13081,57622,6642,7164,21342,127294,48323,10097,3339,1055,857,9440,13084,3600,1887,2763,3385,2238,47282,3220,3960,8164,4153,3581,4831,30775
2021/8/13,1104601,48707,3073,2335,11279,1154,2499,7056,15573,10021,10584,72869,61306,269743,106141,4987,2829,6103,1954,3057,6036,10645,13422,58324,6779,7319,21792,128855,49051,10234,3384,1078,869,9607,13084,3661,1906,2829,3476,2264,48232,3314,4023,8559,4248,3706,4989,31496
2021/8/14,1124700,49186,3129,2386,11432,1174,2528,7177,15964,10216,10802,74669,62578,274837,108497,5085,2889,6189,1983,3057,6136,10773,13692,58961,6927,7498,22170,130683,49730,10339,3424,1078,903,9806,13441,3730,1923,2936,3528,2288,49120,3399,4094,8751,4336,3706,5153,32248
2021/8/15,1140857,49552,3140,2428,11597,1185,2548,7292,16201,10328,10979,74669,63951,279132,110578,5160,2959,6263,2014,3057,6235,10905,14026,59658,7078,7612,22584,132447,50358,10469,3475,1078,917,9975,13643,3768,1942,2985,3586,2315,49801,3439,4132,8909,4430,3706,5293,32909
2021/8/16,1156228,49909,3156,2454,11669,1193,2565,7356,16387,10404,11097,77743,63951,282094,113161,5218,3036,6309,2031,3276,6295,11022,14254,60267,7186,7732,22905,133411,50875,10564,3517,1118,938,10117,13768,3815,1961,3042,3657,2335,50484,3553,4169,9060,4512,3821,5444,33248
2021/8/17,1175455,50319,3247,2497,11880,1222,2609,7455,16647,10581,11335,79377,65560,286471,115178,5287,3114,6375,2065,3332,6380,11350,14615,60834,7394,7908,23325,135267,51277,10695,3584,1142,968,10280,13922,3890,1997,3125,3736,2375,51200,3674,4273,9331,4660,3932,5689,33932
2021/8/18,1198283,50914,3305,2544,12151,1251,2660,7572,16992,10781,11649,80827,66862,291857,117199,5403,3235,6465,2094,3421,6532,11692,15084,61799,7670,8115,23746,137563,52130,10860,3648,1164,999,10587,14148,3995,2034,3190,3827,2439,52452,3856,4362,9595,4822,4059,5891,34693
2021/8/19,1223602,51489,3384,2590,12382,1290,2700,7667,17288,11054,11965,82997,68551,297391,119539,5535,3382,6547,2125,3514,6690,12022,15686,63019,7981,8347,24152,140006,53217,11040,3732,1178,1027,10841,14451,4114,2086,3301,3929,2519,53585,3999,4476,9862,5020,4180,6142,35461
2021/8/20,1248539,52012,3458,2653,12674,1328,2753,7775,17644,11316,12269,84820,69961,302796,122416,5641,3499,6629,2162,3598,6826,12022,16290,64240,8369,8557,24700,142592,54295,11235,3822,1200,1046,11115,14813,4208,2114,3406,4006,2597,54780,4138,4570,10179,5234,4286,6142,36204
2021/8/21,1273652,52591,3541,2678,12947,1364,2822,7884,18008,11560,12594,86694,71737,307870,125121,5768,3631,6698,2192,3598,6976,12684,16828,65581,8796,8787,25272,145148,55199,11424,3902,1226,1063,11366,14813,4294,2168,3496,4075,2684,55849,4260,4656,10426,5449,4286,6615,36882
2021/8/22,1296554,53120,3602,2698,13145,1391,2867,7978,18344,11755,12895,88390,73498,312262,127645,5853,3736,6764,2223,3598,7098,12684,17249,67020,9228,8939,25814,147369,56224,11625,3976,1242,1078,11612,15568,4358,2223,3584,4141,2765,56993,4343,4724,10600,5655,4286,6775,37468
2021/8/23,1314531,53540,3627,2701,13306,1413,2899,8074,18620,11856,13045,89722,74744,314709,130224,5919,3806,6812,2251,3874,7175,13151,17534,68217,9496,9111,26156,148927,57259,11777,4043,1259,1091,11779,15901,4414,2270,3645,4201,2807,57888,4461,4784,10779,5809,4636,6922,37748
2021/8/24,1335291,53966,3708,2740,13460,1463,2942,8148,18867,12079,13310,91038,76248,318929,132172,6032,3874,6882,2292,3932,7268,13540,18027,69271,9838,9346,26743,151295,57796,12004,4133,1270,1127,11939,16193,4494,2319,3740,4273,2895,58766,4557,4857,11020,5966,4772,7113,38498
2021/8/25,1358980,54534,3812,2780,13761,1500,2977,8243,19142,12299,13563,92652,77382,323157,134475,6191,3994,6949,2348,4018,7393,13926,18635,70885,10269,9566,27272,154101,58874,12192,4218,1300,1172,12241,16481,4555,2375,3830,4349,3006,59860,4681,4930,11245,6152,4886,7353,39307
2021/8/26,1385022,55038,3951,2810,13988,1538,3015,8331,19413,12524,13900,94361,80230,327861,137105,6316,4085,7005,2396,4103,7500,14320,19165,72696,10784,9779,27880,156931,59962,12399,4293,1336,1211,12447,16837,4631,2439,3926,4403,3113,60850,4784,4980,11504,6315,4886,7545,39987
2021/8/27,1407589,55420,4054,2851,14192,1557,3041,8441,19741,12691,14138,95883,80230,332088,139767,6452,4171,7069,2443,4175,7617,14630,19832,74834,11207,9993,28399,159745,60969,12593,4348,1356,1229,12695,17194,4705,2499,4010,4457,3206,61846,4879,5045,11754,6493,5129,7693,40679
2021/8/28,1430500,55877,4154,2893,14377,1583,3094,8534,20022,12897,14505,97491,81717,335669,142145,6567,4247,7128,2484,4175,7718,14975,20435,77174,11622,10171,28939,162384,62027,12819,4419,1356,1254,12905,17564,4786,2549,4078,4511,3276,62798,4947,5119,12013,6640,5129,7850,41334
2021/8/29,1450487,56236,4221,2951,14505,1597,3124,8604,20241,13052,14667,98954,83345,338750,144507,6649,4293,7185,2516,4175,7776,15247,20992,79060,11965,10332,29408,164773,63077,13037,4457,1356,1287,13093,17564,4839,2608,4133,4548,3329,63755,5006,5174,12172,6757,5129,7978,41914
2021/8/30,1465437,56502,4272,2969,14584,1605,3144,8651,20467,13121,14728,100059,84552,340665,146226,6702,4335,7211,2545,4376,7816,15449,21305,80442,12146,10445,29753,166378,63990,13198,4499,1419,1304,13244,18187,4882,2660,4173,4597,3377,64381,5058,5215,12293,6879,5336,8027,42121
2021/8/31,1482253,56807,4356,3004,14711,1624,3172,8708,20627,13253,14923,101055,85582,343574,147767,6765,4371,7251,2577,4421,7878,15776,21868,81945,12382,10583,30197,168725,64422,13394,4567,1444,1337,13383,18443,4952,2699,4235,4646,3470,65065,5139,5267,12531,6987,5441,8105,42675
2021/9/1,1503317,57158,4489,3048,14882,1635,3201,8783,20842,13416,15099,102257,87992,346742,149687,6843,4417,7315,2603,4493,7956,16061,22359,83547,12651,10766,30729,171727,65446,13616,4635,1457,1367,13601,18696,5029,2747,4300,4671,3530,66082,5221,5327,12711,7114,5509,8201,43210
2021/9/2,1520761,57472,4589,3092,15028,1653,3240,8857,21062,13530,15275,103372,87992,349841,151425,6907,4454,7356,2620,4536,8014,16295,22851,85420,12899,11000,31205,174228,66463,13812,4692,1478,1392,13764,18962,5083,2791,4358,4702,3583,66875,5271,5397,12882,7229,5598,8292,43775
2021/9/3,1537601,57723,4653,3140,15133,1666,3254,8904,21325,13666,15400,104297,89078,352380,153294,6946,4492,7389,2645,4582,8068,16533,23390,87133,13118,11138,31577,176533,67417,13976,4748,1495,1420,13949,19191,5135,2825,4399,4738,3656,67605,5343,5461,13012,7312,5653,8378,44282
2021/9/4,1553059,57947,4726,3182,15230,1681,3274,8957,21588,13783,15505,105372,90240,354742,154927,7002,4539,7414,2668,4582,8113,16726,23789,88849,13279,11236,31983,178886,68285,14124,4822,1510,1433,14090,19428,5201,2850,4429,4764,3719,68248,5386,5495,13141,7385,5653,8445,44282
2021/9/5,1567416,58165,4782,3224,15291,1687,3287,8984,21846,13865,15601,106183,92571,356595,156169,7062,4563,7434,2702,4582,8156,16893,24153,90620,13416,11304,32322,180706,69040,14281,4861,1522,1444,14223,19673,5243,2880,4459,4790,3760,68835,5434,5544,13234,7447,5653,8499,44282
2021/9/6,1576550,58288,4802,3249,15325,1696,3299,9021,22004,13953,15649,106633,92571,357563,157140,7085,4587,7451,2714,4698,8183,17019,24383,91990,13525,11387,32580,181629,69735,14407,4887,1531,1446,14291,19673,5265,2912,4475,4803,3785,69253,5454,5563,13317,7499,5765,8542,45374
2021/9/7,1587013,58425,4862,3271,15398,1706,3323,9050,22129,14049,15737,107280,93236,359192,157878,7128,4608,7476,2739,4725,8213,17222,24624,93177,13645,11472,32870,183278,70092,14525,4929,1531,1459,14353,19954,5296,2942,4501,4825,3822,69677,5482,5610,13433,7554,5811,8598,45757
2021/9/8,1599121,58605,4934,3293,15478,1722,3337,9089,22335,14159,15854,108059,93884,361026,158976,7185,4630,7494,2755,4766,8250,17402,24837,94391,13756,11544,33251,185290,70712,14666,4961,1542,1479,14466,20090,5326,2970,4522,4851,3859,70249,5512,5662,13527,7602,5853,8651,46170
2021/9/9,1609836,58749,5008,3321,15548,1739,3362,9130,22518,14263,15923,108756,94492,362701,159780,7253,4644,7522,2783,4802,8282,17531,25032,95681,13885,11609,33521,186775,71563,14755,4982,1550,1493,14538,20240,5355,3010,4539,4889,3899,70678,5536,5695,13613,7652,5883,8701,46506
2021/9/10,1618989,58866,5052,3342,15594,1745,3380,9176,22681,14359,15995,109311,95083,363943,160609,7311,4652,7554,2810,4833,8315,17642,25242,96850,13981,11666,33711,188085,72238,14841,5015,1564,1502,14621,20240,5379,3046,4555,4908,3932,71116,5558,5716,13679,7690,5911,8760,46781
2021/9/11,1628047,59022,5096,3366,15671,1757,3396,9212,22820,14447,16051,110091,95542,365216,161470,7364,4674,7588,2827,4833,8343,17797,25380,97874,14066,11730,33910,189348,72766,14933,5035,1577,1507,14667,20534,5404,3075,4564,4932,3964,71494,5578,5737,13750,7722,5911,8806,47051
2021/9/12,1635492,59138,5142,3389,15704,1774,3414,9238,22955,14502,16098,110595,95969,366283,162139,7389,4680,7609,2853,4833,8380,17862,25510,98838,14126,11754,34106,190495,73270,14996,5046,1590,1520,14730,20644,5414,3101,4572,4939,3978,71785,5593,5769,13789,7755,5911,8842,47324
2021/9/13,1640380,59193,5165,3397,15737,1780,3419,9266,23068,14546,16121,110846,96367,366894,162668,7397,4684,7624,2860,4893,8411,17906,25570,99688,14164,11786,34205,190947,73668,15038,5055,1593,1521,14754,20739,5424,3114,4577,4947,3987,71942,5604,5779,13812,7780,5968,8863,47464
2021/9/14,1646240,59284,5214,3408,15799,1791,3434,9282,23146,14629,16172,111352,96657,367898,163153,7432,4690,7647,2877,4910,8439,17982,25648,100238,14232,11834,34322,191888,73857,15097,5076,1594,1523,14792,20794,5429,3129,4584,4963,4001,72151,5622,5812,13863,7808,5991,8899,47748
2021/9/15,1652919,59394,5269,3426,15859,1796,3443,9312,23266,14703,16213,111865,96997,368950,163641,7471,4712,7675,2885,4933,8478,18067,25827,100806,14288,11878,34499,193048,74307,15176,5088,1611,1525,14842,20794,5445,3148,4594,4983,4012,72399,5634,5834,13899,7834,6012,8929,48003
2021/9/16,1658926,59488,5308,3439,15901,1808,3450,9324,23405,14777,16246,112225,97349,369781,164175,7504,4716,7694,2899,4947,8522,18135,25967,101482,14332,11922,34650,193906,74674,15266,5106,1615,1530,14886,20973,5469,3157,4606,4992,4016,72633,5641,5846,13935,7858,6031,8959,48232
2021/9/17,1664035,59572,5344,3442,15934,1810,3454,9340,23512,14827,16279,112573,97644,370563,164722,7538,4723,7708,2916,4957,8560,18208,26071,102075,14363,11973,34771,194641,74975,15321,5131,1625,1540,14911,20973,5476,3173,4620,4996,4021,72793,5651,5861,13970,7881,6048,8983,48417
2021/9/18,1669033,59649,5420,3456,15968,1812,3457,9356,23617,14880,16305,112835,97888,371425,165175,7582,4732,7727,2928,4957,8585,18280,26163,102654,14406,12003,34879,195307,75242,15360,5138,1629,1544,14948,21160,5489,3182,4634,5013,4029,72958,5658,5875,14035,7905,6048,8998,48593
2021/9/19,1672594,59724,5435,3463,15986,1824,3458,9368,23708,14910,16339,113059,98107,371990,165568,7609,4741,7740,2935,4957,8611,18314,26218,103025,14437,12025,34952,195774,75545,15383,5148,1632,1546,14969,21178,5500,3189,4638,5024,4033,73091,5662,5880,14065,7924,6048,9013,48700
2021/9/20,1674994,59774,5466,3465,16004,1832,3461,9375,23771,14937,16357,113214,98318,372292,165825,7626,4748,7754,2944,4957,8619,18357,26261,103301,14461,12037,34999,196042,75732,15406,5155,1632,1552,14978,21178,5507,3198,4643,5028,4042,73165,5667,5896,14086,7938,6048,9017,48780
2021/9/21,1676989,59810,5486,3467,16024,1834,3462,9384,23809,14962,16393,113335,98471,372545,166013,7638,4751,7762,2952,4992,8626,18389,26281,103482,14468,12049,35028,196287,75849,15431,5160,1633,1562,14981,21258,5518,3202,4647,5034,4048,73240,5673,5909,14106,7949,6084,9021,48835
2021/9/22,1679818,59867,5505,3469,16041,1839,3465,9394,23836,15008,16418,113526,98564,373082,166186,7662,4755,7762,2993,4998,8637,18447,26322,103633,14488,12069,35089,196878,75924,15489,5165,1633,1573,15002,21296,5526,3206,4655,5050,4062,73336,5686,5926,14138,7963,6084,9025,48997
2021/9/23,1683269,59942,5537,3474,16072,1849,3472,9403,23887,15056,16465,113765,98704,373613,166445,7701,4763,7782,3000,4998,8654,18493,26407,103901,14521,12112,35198,197418,76190,15513,5176,1634,1577,15025,21333,5535,3216,4661,5072,4068,73458,5692,5941,14163,7982,6084,9030,49138
2021/9/24,1685738,60005,5571,3474,16097,1850,3474,9409,23958,15073,16477,113907,98869,373848,166695,7721,4768,7789,3004,5034,8668,18518,26435,104259,14533,12124,35195,197658,76463,15535,5202,1634,1580,15038,21389,5544,3220,4665,5088,4078,73583,5697,5946,14175,8005,6103,9032,49199
2021/9/25,1688213,60068,5603,3475,16135,1853,3493,9416,23974,15113,16503,114119,98988,374230,166888,7745,4774,7800,3007,5034,8677,18558,26468,104431,14550,12151,35246,198083,76578,15567,5212,1635,1581,15051,21433,5553,3229,4671,5106,4084,73648,5709,5949,14202,8020,6103,9037,49314
2021/9/26,1690496,60122,5617,3477,16151,1853,3494,9423,24021,15139,16522,114249,99138,374529,167081,7767,4778,7810,3015,5034,8689,18587,26503,104643,14575,12162,35299,198469,76783,15594,5216,1635,1584,15061,21462,5557,3233,4673,5116,4084,73752,5712,5957,14216,8038,6103,9039,49385
2021/9/27,1691863,60141,5622,3478,16157,1854,3495,9428,24052,15159,16529,114327,99240,374683,167204,7773,4783,7813,3023,5093,8698,18606,26521,104809,14583,12173,35326,198610,76897,15603,5221,1635,1590,15063,21525,5559,3234,4673,5118,4087,73791,5724,5965,14226,8054,6103,9041,49425
2021/9/28,1693429,60167,5647,3478,16169,1860,3496,9431,24076,15178,16543,114424,99323,374931,167332,7794,4787,7825,3026,5097,8703,18655,26547,104881,14596,12203,35377,198891,76975,15623,5227,1635,1604,15067,21525,5568,3236,4676,5128,4091,73835,5732,5971,14244,8073,6103,9048,49482
2021/9/29,1695420,60212,5670,3479,16190,1860,3497,9434,24120,15220,16558,114577,99399,375198,167461,7822,4792,7833,3038,5106,8715,18682,26576,105019,14608,12228,35429,199289,77103,15636,5229,1637,1611,15084,21555,5575,3248,4681,5135,4098,73877,5740,5976,14263,8083,6128,9049,49551
2021/9/30,1697085,60238,5693,3479,16204,1862,3498,9439,24141,15240,16566,114670,99559,375416,167590,7840,4793,7846,3045,5109,8723,18724,26592,105170,14619,12239,35473,199553,77222,15654,5235,1637,1614,15094,21588,5586,3253,4681,5149,4101,73912,5746,5983,14277,8088,6129,9051,49615
2021/10/1,1698591,60270,5703,3482,16212,1864,3505,9442,24168,15257,16566,114775,99634,375616,167707,7860,4794,7876,3045,5114,8738,18763,26613,105300,14630,12259,35508,199794,77330,15665,5244,1637,1619,15104,21626,5590,3256,4682,5168,4103,73952,5759,5991,14283,8096,6130,9056,49656
2021/10/2,1699841,60295,5713,3482,16217,1875,3505,9446,24187,15277,16589,114848,99699,375812,167789,7880,4797,7891,3054,5114,8748,18785,26637,105386,14633,12278,35541,199978,77414,15675,5249,1640,1621,15111,21674,5592,3258,4685,5180,4107,73991,5764,5998,14283,8106,6130,9059,49699
2021/10/3,1700795,60304,5716,3482,16221,1880,3507,9450,24196,15286,16600,114898,99757,375973,167876,7890,4798,7900,3062,5114,8759,18793,26639,105472,14638,12284,35567,200114,77501,15686,5254,1641,1624,15117,21674,5603,3263,4686,5193,4108,74036,5767,6001,14283,8116,6130,9059,49728
2021/10/4,1701501,60309,5717,3482,16224,1886,3507,9451,24211,15303,16603,114941,99791,376060,167927,7901,4800,7902,3064,5129,8760,18811,26644,105543,14641,12291,35577,200210,77560,15692,5257,1642,1625,15129,21714,5608,3266,4687,5199,4110,74055,5768,6004,14300,8119,6134,9061,49737
2021/10/5,1702387,60329,5726,3483,16229,1888,3509,9455,24223,15310,16612,115008,99843,376204,168002,7910,4803,7910,3067,5130,8765,18826,26652,105565,14649,12305,35596,200386,77586,15704,5261,1643,1625,15136,21726,5615,3272,4690,5213,4112,74076,5772,6012,14307,8125,6139,9064,49775
2021/10/6,1703455,60345,5742,3485,16231,1890,3510,9457,24248,15327,16620,115083,99895,376353,168087,7923,4812,7910,3068,5131,8777,18853,26662,105625,14664,12310,35626,200595,77657,15716,5269,1644,1632,15154,21738,5616,3273,4691,5218,4113,74101,5778,6019,14313,8135,6140,9065,49805
2021/10/7,1704442,60359,5746,3485,16235,1891,3510,9463,24264,15344,16628,115151,99938,376496,168189,7931,4816,7911,3073,5134,8783,18880,26671,105703,14679,12315,35653,200760,77733,15726,5274,1645,1632,15162,21765,5619,3274,4692,5226,4116,74115,5784,6022,14322,8146,6142,9069,49821
2021/10/8,1705306,60380,5748,3485,16238,1891,3510,9464,24276,15357,16636,115176,99973,376634,168254,7939,4822,7912,3076,5135,8793,18894,26673,105759,14691,12320,35679,200926,77820,15742,5275,1647,1632,15171,21781,5629,3275,4692,5237,4117,74130,5788,6034,14322,8160,6142,9072,49850
2021/10/9,1706084,60404,5767,3485,16241,1892,3510,9464,24295,15369,16645,115213,100009,376716,168335,7945,4830,7914,3079,5135,8801,18921,26683,105801,14701,12326,35699,201050,77880,15753,5277,1651,1632,15175,21792,5642,3277,4692,5250,4117,74161,5793,6039,14322,8169,6142,9076,49865
2021/10/10,1706656,60421,5774,3486,16242,1893,3511,9464,24312,15377,16653,115241,100039,376776,168389,7951,4831,7916,3083,5135,8804,18939,26689,105844,14708,12327,35723,201155,77925,15757,5277,1651,1632,15178,21804,5645,3277,4692,5260,4117,74179,5797,6043,14322,8171,6142,9076,49879
2021/10/11,1707064,60437,5774,3486,16242,1893,3511,9465,24315,15379,16660,115261,100060,376825,168438,7953,4834,7918,3084,5141,8806,18959,26690,105878,14712,12328,35730,201204,77952,15762,5278,1651,1632,15184,21821,5646,3278,4693,5270,4118,74195,5797,6046,14330,8172,6145,9076,49886
2021/10/12,1707606,60453,5805,3486,16246,1893,3512,9465,24321,15392,16665,115285,100088,376902,168484,7959,4838,7919,3091,5141,8810,18968,26695,105893,14715,12331,35742,201307,77963,15769,5280,1651,1633,15192,21821,5659,3279,4693,5280,4123,74209,5803,6047,14333,8174,6146,9081,49915
2021/10/13,1708312,60474,5839,3486,16246,1893,3519,9469,24332,15399,16679,115336,100124,376974,168534,7960,4842,7926,3091,5141,8817,18986,26698,105926,14722,12332,35763,201429,78015,15785,5281,1654,1633,15202,21828,5669,3279,4695,5287,4123,74230,5805,6052,14336,8176,6146,9083,49947
2021/10/14,1708924,60519,5847,3486,16249,1893,3524,9470,24337,15404,16682,115371,100142,377036,168586,7963,4843,7928,3097,5141,8822,18998,26701,105964,14727,12337,35766,201541,78054,15802,5283,1658,1637,15205,21854,5670,3279,4695,5294,4126,74255,5805,6056,14337,8177,6146,9088,49980
2021/10/15,1709449,60546,5866,3486,16250,1893,3528,9473,24346,15411,16685,115397,100160,377093,168619,7967,4845,7931,3098,5144,8824,19005,26705,105998,14736,12341,35779,201606,78084,15811,5284,1658,1638,15212,21884,5673,3280,4695,5299,4128,74271,5805,6060,14355,8178,6150,9092,50011
2021/10/16,1709948,60570,5870,3486,16252,1894,3528,9476,24351,15417,16694,115419,100169,377159,168655,7970,4848,7932,3098,5144,8831,19012,26710,106030,14742,12349,35788,201684,78111,15817,5284,1659,1644,15216,21912,5682,3283,4695,5306,4131,74292,5807,6065,14355,8180,6150,9096,50036
2021/10/17,1710356,60608,5870,3486,16253,1894,3532,9478,24356,15418,16697,115438,100186,377199,168692,7971,4850,7934,3099,5144,8831,19018,26714,106059,14744,12351,35794,201755,78127,15820,5284,1659,1661,15222,21934,5687,3283,4696,5313,4135,74306,5809,6076,14355,8180,6150,9096,50043
2021/10/18,1710644,60619,5870,3486,16253,1894,3532,9479,24357,15419,16698,115452,100192,377228,168714,7971,4852,7935,3099,5146,8833,19028,26718,106086,14744,12354,35796,201784,78157,15824,5284,1659,1661,15226,21950,5691,3283,4696,5315,4143,74314,5814,6078,14376,8180,6150,9096,50059
2021/10/19,1710986,60631,5876,3486,16253,1894,3541,9479,24363,15425,16705,115469,100204,377264,168724,7972,4852,7936,3101,5148,8837,19038,26720,106096,14746,12359,35803,201867,78165,15828,5285,1661,1663,15235,21956,5694,3283,4697,5319,4145,74324,5818,6084,14376,8180,6150,9097,50088
2021/10/20,1711355,60645,5877,3486,16253,1895,3542,9479,24370,15430,16711,115482,100217,377305,168740,7973,4853,7940,3102,5150,8842,19043,26723,106111,14750,12363,35811,201940,78193,15839,5286,1662,1671,15243,21961,5698,3283,4697,5323,4147,74339,5823,6090,14380,8182,6151,9097,50108
2021/10/21,1711695,60656,5882,3486,16253,1896,3542,9479,24376,15433,16715,115493,100236,377341,168779,7975,4853,7948,3102,5150,8844,19051,26730,106137,14756,12368,35815,201982,78218,15841,5286,1662,1671,15246,21975,5699,3283,4698,5330,4151,74350,5825,6095,14382,8182,6151,9097,50126
2021/10/22,1711999,60671,5884,3486,16254,1896,3544,9482,24381,15434,16729,115510,100241,377367,168803,7976,4853,7951,3102,5150,8849,19061,26734,106159,14759,12374,35822,202033,78247,15841,5288,1662,1671,15248,21984,5703,3283,4699,5332,4154,74350,5834,6095,14384,8182,6151,9097,50140
2021/10/23,1712290,60676,5885,3486,16255,1899,3544,9482,24384,15436,16731,115527,100254,377399,168812,7978,4856,7952,3104,5150,8852,19067,26734,106192,14762,12380,35833,202079,78272,15845,5288,1662,1674,15250,21995,5706,3284,4700,5338,4154,74366,5838,6097,14384,8182,6151,9097,50149
2021/10/24,1712529,60694,5887,3486,16255,1899,3544,9482,24384,15437,16741,115533,100256,377418,168823,7979,4857,7955,3104,5150,8853,19072,26737,106213,14765,12386,35845,202117,78297,15845,5288,1662,1674,15253,22002,5710,3284,4702,5343,4156,74370,5845,6097,14384,8186,6151,9097,50162
2021/10/25,1712689,60695,5888,3486,16258,1899,3544,9482,24384,15438,16743,115536,100259,377435,168830,7980,4857,7955,3104,5154,8857,19077,26737,106229,14768,12389,35849,202143,78314,15852,5289,1662,1674,15255,22007,5711,3284,4702,5347,4156,74378,5849,6097,14386,8186,6151,9097,50167
2021/10/26,1712947,60708,5890,3486,16258,1899,3547,9482,24387,15440,16747,115544,100270,377464,168843,7985,4858,7956,3104,5154,8865,19084,26737,106236,14777,12396,35860,202194,78332,15862,5290,1662,1674,15258,22014,5713,3284,4703,5351,4156,74378,5849,6098,14386,8186,6151,9101,50179
2021/10/27,1713287,60717,5892,3486,16258,1900,3548,9482,24388,15440,16757,115558,100278,377500,168858,7989,4861,7958,3104,5154,8865,19094,26739,106270,14777,12401,35861,202260,78367,15867,5290,1663,1682,15269,22021,5714,3284,4703,5361,4158,74387,5851,6101,14390,8186,6151,9101,50197
2021/10/28,1713552,60722,5892,3486,16259,1900,3548,9483,24390,15441,16765,115573,100287,377521,168874,7990,4865,7962,3104,5155,8868,19098,26739,106290,14779,12402,35867,202321,78385,15870,5291,1666,1691,15275,22027,5720,3285,4703,5368,4158,74392,5852,6105,14390,8186,6151,9101,50206
2021/10/29,1717896,60730,5892,3486,16261,1903,3548,9483,24394,15443,16780,115585,100292,381610,168882,7991,4866,7963,3104,5155,8871,19112,26740,106309,14783,12403,35870,202373,78405,15876,5291,1666,1702,15284,22034,5730,3285,4703,5374,4160,74404,5853,6110,14391,8186,6151,9101,50212
2021/10/30,1718177,60738,5892,3486,16264,1906,3548,9483,24400,15444,16782,115598,100305,381633,168889,7992,4866,7963,3105,5155,8872,19125,26747,106330,14787,12407,35874,202422,78428,15882,5292,1668,1707,15293,22041,5734,3285,4703,5380,4164,74421,5853,6112,14391,8186,6151,9101,50223
2021/10/31,1718417,60749,5893,3486,16266,1908,3548,9483,24403,15446,16786,115610,100308,381655,168899,7992,4866,7963,3110,5155,8872,19129,26747,106346,14791,12408,35881,202467,78447,15889,5293,1668,1716,15301,22060,5739,3286,4703,5381,4165,74431,5853,6115,14391,8186,6151,9101,50225
