2021/5/6,105,192,230,129,139,83,408,142,22,171,564,93,958,933,172,98,184,374,121,88,146,427,240,182,139,304,667,614,229,313,65,58,56,8,302,137,377,176,275,778,52,196,196,152,68,62,177
2021/5/7,216,445,337,303,254,171,810,499,253,247,1261,256,2375,1598,347,210,345,595,133,122,242,1064,308,405,250,584,1228,1258,322,743,84,153,163,134,521,267,525,350,516,1837,146,319,310,220,139,156,249
2021/5/8,234,570,422,333,270,174,967,590,289,248,1654,339,3663,2072,370,225,615,663,259,131,281,1498,556,431,356,700,1281,1988,418,840,181,168,200,304,782,292,974,482,862,2072,233,327,423,297,154,420,336
2021/5/9,234,575,900,334,282,712,967,670,289,252,1948,374,4180,2201,652,227,1244,668,660,254,281,1520,1332,572,484,713,1361,2397,429,841,206,203,201,1038,782,293,1801,482,1316,2108,289,340,486,297,312,650,806
2021/5/10,537,1547,1204,666,717,1022,1463,2119,513,612,3713,940,7321,3423,1070,544,1805,1052,826,652,578,2606,1705,1575,940,1058,2106,3373,1002,1188,546,541,291,1553,1210,723,1973,1206,2280,3205,564,831,1083,1230,561,1186,896
2021/5/11,877,2781,1986,1194,1142,1524,1993,3966,1048,1181,6134,1715,11972,6079,2082,1147,2550,1648,1142,1236,1282,4490,2206,2531,1598,1722,4344,5023,1676,1713,856,1279,594,2435,2004,1459,2391,2178,3208,4844,1228,1712,1998,2407,810,2075,1145
2021/5/12,1836,3890,3293,1963,1805,2456,2347,5866,1880,1505,8824,2563,17860,10168,3557,2020,3163,2123,1724,2007,1674,6797,2870,3801,2175,2549,7437,7368,2527,2315,1108,1820,859,3231,3085,2109,3080,3187,3984,6343,1895,2785,3054,3174,1438,3008,1431
2021/5/13,2304,5143,4125,2679,2248,3193,2881,7511,2746,1906,11550,3260,23933,14438,4620,2726,3737,2778,2323,2753,2147,9160,3412,4992,2721,3445,9918,10152,3258,3035,1455,2348,1235,4374,3888,2788,3837,4163,4764,8275,2568,3902,3823,4000,1968,3793,1666
2021/5/14,2643,6349,4709,3396,2601,3983,3399,9039,3252,2202,14152,4147,31002,19934,5605,3386,4170,3391,2682,3659,2511,11881,4001,5810,3553,4551,12081,13261,4376,3532,1804,2637,1566,5164,4426,3263,4114,5217,5392,10636,3074,4537,4458,4459,2286,4501,1902
2021/5/15,2693,6574,5227,3934,3259,4941,3800,9610,3819,2923,15511,4688,35172,25071,5727,3818,4730,3599,3212,4380,2691,14547,4441,6328,4174,5277,12736,15250,4863,4386,2377,3006,1622,5521,4512,3494,4656,5907,5981,12099,3324,4973,4603,4590,2654,4758,2188
2021/5/16,2708,6988,6164,4039,3992,5859,4236,9814,4058,3373,16519,4827,36896,25981,6873,4017,5588,3781,3406,4434,2864,16710,5179,6531,5241,5298,13431,15852,5501,5499,3132,3224,1634,5955,4536,3539,5925,6141,7161,12768,3593,5251,4604,4590,3029,4790,2377
2021/5/17,3766,8395,6662,5211,4600,6945,4632,11807,4971,4007,18898,5912,42026,29415,7679,4937,6414,4790,3923,5410,3530,19137,5829,7421,5924,6260,15088,17716,6353,5860,3667,4123,1932,6707,5373,4470,6680,6887,8053,15727,4218,5735,5318,5417,3713,5609,2825
2021/5/18,5196,10217,7397,6457,5268,8070,5083,13873,5850,4759,22103,7269,48320,34111,8905,5948,7280,6211,4632,7073,4342,22288,6580,8659,6895,7499,17856,20089,7564,6830,4367,4831,2234,8035,6478,5650,7661,7951,8927,19489,5136,6556,6215,6546,4430,7052,3749
2021/5/19,6905,11788,8191,8049,5959,8978,5530,16104,6766,5069,25248,8927,55841,40275,10430,6842,7983,7205,5408,8541,5207,25878,7778,9716,8186,9123,20741,23141,8503,7522,5019,5171,2835,9146,7123,6707,8866,8841,9781,23354,6063,7377,7601,7542,5239,8293,4830
2021/5/20,7164,12426,8721,8239,6002,9483,5747,16780,7349,5195,26892,9397,59293,42848,10768,7204,8202,7565,5802,9221,5455,27302,8372,10136,8699,9627,22072,23977,8931,7860,5426,5390,2991,9996,7327,7018,9415,9163,9926,24817,6251,7924,7991,7741,5627,8635,5448
2021/5/21,7999,13737,9221,9367,6371,10333,6051,18478,8077,5631,29878,10534,66030,48807,11579,7775,9016,8382,6187,10508,6191,30561,9233,11047,9905,10972,24493,26955,9932,8645,5858,5854,3363,11276,7789,8064,10165,10044,10570,28324,7003,8754,9298,8483,6104,9560,6076
2021/5/22,8288,14376,9516,9736,6566,11465,7280,20264,8410,6209,31575,11785,70955,53695,12123,8154,9607,8654,6367,10823,6891,32741,10210,11566,10616,11824,26211,29091,10257,10051,6066,5920,3759,12470,7910,8323,10721,10658,11165,29520,7751,9424,10074,8761,6569,9942,6985
2021/5/23,8467,14573,10101,9785,6781,11911,9059,21801,9027,6828,32247,12723,73877,54237,13030,8155,10039,8726,6393,11416,7238,33859,10806,11757,11632,12008,27150,30444,10778,11190,6278,5955,3928,13188,7939,8386,11552,10844,12575,30151,8222,9732,10414,9160,6762,10192,8072
2021/5/24,8751,14860,10167,9951,6785,12369,9356,21977,9059,6885,32899,12901,75474,54884,13151,8201,10064,8874,6426,11478,7603,34170,11039,11900,11832,12290,28063,30605,10881,11322,6342,5970,4048,13513,7975,8469,11595,11068,12583,30565,8273,9759,10579,9204,6787,10604,8142
2021/5/25,9111,15260,10219,9984,6788,12502,9868,22118,9162,7075,33601,13227,76786,55456,13257,8220,10106,9118,6442,11600,7822,34567,11389,12143,11983,12413,29252,31021,10928,11357,6396,5972,4115,13815,8058,8728,11609,11148,12591,30964,8350,9871,10809,9231,6794,11254,8215
2021/5/26,9249,15539,10554,10015,6813,13104,10351,22838,9270,7193,34082,13514,78606,56231,13524,8239,10110,9206,6471,11730,8022,34861,11700,12276,12161,12595,30360,31350,11002,11380,6459,5990,4219,13857,8106,8805,11648,11244,12859,31530,8392,10227,11245,9432,7008,11708,8302
2021/5/27,10507,16349,11299,10836,7055,14389,11712,24184,9651,7557,36270,14723,82977,58817,14442,8456,10312,9739,6762,12413,8653,36094,14285,12930,13050,13053,32540,34356,11669,12287,6847,6297,4406,14309,8733,9118,12385,11701,13983,33295,8839,11208,12065,9857,7211,12377,8721
2021/5/28,12290,17408,11899,12027,7478,15487,13360,25267,10045,7989,38711,16318,87253,62207,15139,8647,10600,10448,7315,13200,9646,37525,15560,13576,14088,13788,35405,36591,12737,12962,7228,6739,4651,14614,9196,9616,12639,12294,14796,35519,9365,11678,13180,10400,7635,13452,8968
2021/5/29,13663,18305,12415,12591,8637,17477,14914,26090,10667,8639,41323,17597,91493,64556,15988,8926,11723,10628,8684,14766,10504,39868,18393,14025,15705,14169,38190,40058,13717,14765,8434,6924,4977,15817,9556,9829,14197,12629,16260,39229,9863,12844,14356,10574,8064,14483,10410
2021/5/30,15016,19154,12723,12774,10733,18641,16695,27922,11979,9503,43831,18235,101395,65058,16854,8926,13219,10757,10268,16311,10865,43439,20504,15039,17178,14542,40168,43330,16161,18586,9304,6949,5101,16772,10227,10419,16664,12749,18600,41930,10613,13875,14845,11046,8303,15078,12458
2021/5/31,19380,21327,13843,14415,12444,19981,19424,31255,12822,11017,47831,21112,108724,69215,19270,9349,13662,11463,11701,19657,12358,45333,22823,16510,18923,15782,44925,46676,17672,20495,10117,8278,5608,17727,14346,11929,17240,14064,19945,45533,11485,14630,16442,12554,10391,17706,13056
2021/6/1,24388,24096,15352,16557,13746,21481,22709,35083,14227,12402,53242,24983,117912,74677,21759,10209,14468,13342,13427,23452,14708,47983,25487,18591,20611,18113,51213,50335,19835,23735,10534,9185,6308,18993,20066,13355,18535,15885,21919,50442,12676,15405,18646,14463,13365,20837,13935
2021/6/2,30970,27110,17744,19162,15733,23136,25908,38306,15912,14233,58631,30278,131725,80395,25107,10912,16019,14807,15473,27168,17296,51239,32732,20588,22657,21489,58152,54295,21916,27448,10877,10310,7079,20151,25153,15139,19745,17517,23783,62439,14064,16837,21224,16348,16086,23265,15766
2021/6/3,37039,30138,20215,21566,17774,25363,29022,41432,17565,16194,64372,34766,146098,86232,27583,11727,18031,16557,16786,30724,19310,55157,37874,22654,24833,24289,64690,59085,23956,30932,11840,11384,7894,22183,28915,16590,21171,19104,25645,74811,15553,18414,23700,18225,18808,26001,18384
2021/6/4,42242,32764,21380,23877,19258,26476,32066,44719,18254,17528,70620,40111,158837,92480,29787,12319,19173,18030,18280,33952,21457,58489,41724,24165,27267,27657,72037,62539,25134,34508,12276,12350,8446,24427,33833,17970,22375,20449,27370,78982,16910,19272,25851,19709,20947,28563,19511
2021/6/5,44866,34413,23411,25631,22425,28537,34350,46687,19398,18460,76111,44450,174669,96764,34301,12934,20932,18827,19302,38548,24512,62013,46846,26113,30112,29814,78307,68850,27019,37727,13125,12548,8792,26866,36462,18895,23860,20911,29214,89851,18025,19903,26813,20795,22567,30507,22183
2021/6/6,47380,36822,25367,26495,27141,29919,37115,49256,21752,18670,82448,48031,203386,102853,38680,13735,23220,19261,21390,43076,28599,64711,70938,29451,33652,31682,84976,77191,29686,40871,14439,13017,8854,29639,38649,19837,27099,21184,31362,106413,19598,22312,27317,21589,23426,31543,26597
2021/6/7,56529,40565,27485,29574,28623,31807,42800,53847,24312,22533,91149,57926,219585,111054,42450,16167,25373,21185,22906,47870,31207,70956,76272,31315,36116,36232,97086,86022,31328,44514,15809,14059,16602,32071,44966,22518,28023,23115,33889,111997,21502,23621,30385,24453,26021,35086,27495
2021/6/8,66928,44483,30207,32658,30345,33768,49871,58617,27245,26048,100535,70312,241937,122445,47545,19326,28134,23647,24783,53429,33997,78537,81893,33711,39020,43191,111403,96348,33614,49204,17156,15251,24670,35014,52691,25300,30297,26176,36692,120319,24042,25639,34300,27812,29117,39067,28954
2021/6/9,77892,48841,33448,35913,32883,36450,56203,63623,30436,30740,110956,81406,271311,141424,54532,22336,31395,26294,26402,59146,37764,87063,92293,36221,41990,51859,131689,108726,36062,54201,18393,16952,32979,38190,60131,28311,32801,28656,39232,140209,26668,28110,40574,31376,32843,43146,31888
2021/6/10,89872,53794,36834,39854,35956,39734,63382,68921,33498,35092,122922,94181,303516,163105,61120,25162,35168,28898,27890,64990,41186,96136,99561,41693,44903,60163,151707,121684,38851,58321,19695,18291,41147,41943,66293,30906,35439,31928,41970,162570,29280,30780,47944,34611,37303,47787,35279
2021/6/11,100238,58170,39156,43766,37929,42840,70705,74014,36327,38623,135278,107497,329507,176305,65995,28691,37646,31610,29639,70099,44331,103718,106180,44222,48320,69302,173626,133583,41898,62989,21400,19614,50219,45947,73836,33753,37623,34473,44248,173630,31959,32596,55385,37641,41107,52628,36842
2021/6/12,106284,61441,41938,48653,41550,45975,75549,78518,39498,40866,146979,118061,362569,194203,76789,30832,40581,33739,30947,76033,49109,111445,113360,49665,52183,77631,193809,148522,45778,66581,23441,20423,55597,49564,78238,35786,41145,36483,47214,190712,33906,33739,58589,39614,44134,55352,41074
2021/6/13,112453,64485,44297,53102,46736,49177,80739,82364,42909,41513,157184,129117,409515,213786,90041,33182,43432,35128,34200,82114,54966,118094,138279,57598,56066,89965,208224,163302,50777,71143,25797,22031,57754,55283,80831,36719,46259,38108,50576,214059,35913,36615,59271,40919,46427,56554,45777
2021/6/14,135340,71206,47765,58836,48936,52679,90498,92511,48745,48400,177753,147933,444564,231618,99122,37318,48168,38215,36901,91607,63263,129176,156221,64230,59590,101490,240572,175685,55603,76489,28804,24544,68880,60706,89922,41547,49166,42009,54426,232492,41044,41546,70036,48079,51326,63089,47467
2021/6/15,159227,78405,51935,65322,51514,56846,101708,103091,55581,54876,200183,171918,486317,252259,109254,42926,52697,41929,40289,102263,72245,141632,180656,72574,63471,114202,277664,191259,60066,82984,31379,28151,81362,68859,100556,46535,53749,46998,58973,254021,46851,48485,81828,56340,57381,70278,49885
2021/6/16,184128,85704,57052,72737,55496,63296,112836,112765,62127,63448,225013,193638,535207,281052,121033,48577,59356,45731,43610,112124,82376,155299,211335,80967,67418,127479,314620,208980,64346,89497,34809,31472,94552,78362,111105,51593,58385,51939,62613,283853,52220,57034,93946,64177,64890,78941,53813
2021/6/17,209117,92992,61245,81236,59338,69459,122307,122446,68043,71879,250090,215835,582768,311081,130907,53666,66463,50186,46579,120707,92122,168099,236587,92893,70935,140104,350246,228052,68785,94603,38091,35081,106460,87920,119169,55757,62575,57147,66409,315472,57296,65334,106850,71213,71940,87708,57928
2021/6/18,231169,99369,64845,88955,61858,76288,132328,133718,73990,79498,276202,240690,625970,332844,140250,59126,73255,54439,49262,129409,101682,179959,264523,100685,74619,153739,389395,247539,72548,100550,41060,39373,120030,97542,128625,60459,66523,62171,70443,337261,62919,71397,119725,78766,77217,97039,60056
2021/6/19,243807,104426,68079,96337,64995,81595,138295,143039,79012,84289,297702,258321,673894,356807,155791,64326,78089,57537,51874,138618,113692,189251,285790,109685,80006,167421,423355,267887,78353,104695,43595,41540,129209,106547,133898,63556,71492,67400,73344,358218,65332,78033,125939,82723,82252,101580,66038
2021/6/20,255910,108908,70999,102456,69610,89520,144110,150953,83622,86203,313211,275157,730938,378625,172597,67298,82689,59055,55654,149663,125848,197252,317139,123809,85849,182116,449667,289712,84281,108064,45707,43755,133898,114072,137457,65471,76969,73617,77332,383689,67152,83412,128435,84279,87392,104011,71966
2021/6/21,279815,115125,75443,115378,71228,95721,153743,162063,90171,95628,340173,299706,770387,398235,181307,73108,90250,63190,57826,159201,135298,209299,349510,131568,90504,195704,489058,311396,88559,113401,48610,47024,147803,122542,144561,70559,80116,81936,81006,402833,72306,88460,140378,91771,91703,112771,73608
2021/6/22,307902,122304,81824,130729,73498,103018,165184,175343,98186,105289,371082,330885,824697,425598,192762,80100,97920,68186,60688,169809,146827,224549,386434,140157,95383,210198,534438,339345,94593,119320,51693,51896,163040,133707,152082,76281,85277,90684,85848,427093,78660,95732,153574,100276,97878,124084,76553
2021/6/23,335790,129750,87449,146701,76435,111211,176618,188400,105778,114729,403879,359116,885115,463334,205543,86743,105703,73207,62605,179469,158701,240561,421756,150013,101123,224198,580691,369944,101086,124839,54882,56628,177464,145214,160350,81646,90208,98751,90103,455236,84549,104783,166780,107928,105135,133177,79877
2021/6/24,365984,137672,93747,163854,79455,118497,186541,201496,113277,123267,439959,386252,937182,503438,218597,92648,113880,77948,65520,188781,171036,256804,459791,164249,106600,237017,623826,403089,106795,130590,58063,61029,191026,156306,167684,85995,94608,106758,95013,484222,90028,114064,179795,115268,112092,143281,83276
2021/6/25,392218,144812,99208,180825,81468,126430,197575,215393,120851,133130,474707,417586,991146,536813,231103,99248,122284,82256,67994,197971,182616,274093,497879,173785,112404,251258,671987,434867,112929,136354,61088,66145,206197,167525,175756,91143,99790,114924,98971,509113,96058,120907,193799,123169,117707,153472,86404
2021/6/26,409082,149441,105573,195741,84346,133640,205440,228727,127563,139826,503590,442020,1047052,574303,245064,104900,127817,85855,73218,209718,197842,290441,538080,184847,118922,265650,714677,465844,119542,142368,65169,70136,217318,178273,181794,95907,106290,123993,102669,530948,100789,129284,202209,127574,122193,159632,93583
2021/6/27,426438,152366,110390,207167,87576,139130,211559,241460,133377,145782,528554,466177,1113633,606102,258505,108817,133463,88873,79141,226452,212325,308540,565095,199583,125843,285024,744025,492284,128539,145725,68354,72515,224560,189726,187919,100483,112392,131027,107477,550774,104817,136884,206092,130340,128634,163596,99820
2021/6/28,455657,158869,116107,224804,89860,145937,221774,257102,140441,157203,563161,494330,1174847,640033,270583,115069,141039,92937,81967,236908,224755,324325,609788,208671,131596,297969,798052,525709,135782,150741,71327,77059,236208,201029,195953,104416,115909,139871,111477,573556,111068,144964,219436,137793,133983,174151,102618
2021/6/29,485719,166349,122828,244704,92021,153493,233506,273735,148773,169587,600797,524511,1243735,679871,282270,122417,148154,97509,85720,248221,237996,343186,656756,218165,137631,310995,855172,560492,143813,155865,74256,82054,248183,216328,204814,109455,122101,148694,115992,601027,117676,153767,233067,145553,140082,185656,106866
2021/6/30,516148,173784,130047,262172,94165,160775,244231,289288,156941,182160,639222,554426,1316274,720728,294939,128601,155869,101379,89291,259247,252839,362810,700377,227980,145145,323877,907931,594802,152826,160838,77265,87014,259137,232202,214476,114176,127772,156558,120008,630163,123818,164201,244923,153109,146854,195886,112430
2021/7/1,546696,181085,137068,279573,97003,167537,254928,303588,165047,192412,679202,580442,1380226,761424,307114,134497,163185,106058,93058,269658,267654,381235,745268,238269,150854,336254,957231,627000,161274,165930,80411,91733,270259,248627,222031,118426,132856,164625,124471,657152,129919,173944,256432,160336,153387,205814,117392
2021/7/2,574731,189389,142916,297652,99790,174395,265855,320083,173371,203989,718147,610661,1449151,802722,319026,141533,171110,109958,96729,279444,280052,398888,792160,247215,156174,348812,1009890,660213,169762,171104,83396,96846,281305,266057,229745,122185,139091,172766,128028,683020,136050,182885,269654,168309,158821,216331,121464
2021/7/3,593573,194387,150316,310673,106996,180400,273528,332961,181599,212752,754763,635978,1507383,840066,330877,149071,177150,113318,102998,292016,294986,417770,840117,257041,162870,361820,1056471,691972,176269,176069,86274,100228,289683,283941,235449,126154,144131,182933,130727,707985,141902,192193,279044,174221,163141,223845,127729
2021/7/4,613858,199534,156275,322092,113877,186917,279894,346446,188309,219269,788098,655903,1549893,873562,342753,154332,182270,117187,110878,306499,310230,436989,875550,270031,170817,375271,1095920,721476,183470,179149,88724,101671,296441,298048,241810,129667,148347,189989,135823,730171,146245,202503,284519,178972,169581,229725,134594
2021/7/5,639278,205470,162280,336918,116717,192577,289328,359256,195572,232323,821436,684321,1612405,915402,351585,159283,188520,121240,113725,314386,320944,450921,915312,277991,176400,386853,1141232,756821,192842,183557,90822,105628,306312,312866,248459,132916,151994,198550,139008,750289,150391,208853,295045,184846,173745,240021,138788
2021/7/6,667503,212447,168944,353024,119737,200717,300008,373334,205126,244570,855937,715683,1681101,964090,361663,164752,194850,125045,117174,323181,332782,465481,954551,285751,182287,398853,1188721,792459,202228,187949,93081,110085,316347,329494,256276,136698,156992,207151,141703,774886,154932,216101,304575,190671,178450,250506,143733
2021/7/7,693501,219149,175077,365997,123392,207973,309702,387718,215248,256557,890762,745745,1749409,1013297,370648,169895,200200,128219,120443,331040,343638,481633,986760,293076,188538,410636,1234855,827128,212207,193001,95211,114313,324611,346535,264100,140344,162310,214660,144729,802342,159214,222968,313526,196548,183183,259828,150497
2021/7/8,720519,226155,183249,379869,127285,215301,320481,400441,224977,267501,930219,775111,1808396,1063197,380554,175249,205809,132165,124198,339853,355692,498492,1025268,301511,195201,421576,1280359,855682,220930,197663,97610,118433,333730,362411,270423,143708,166615,222128,148075,829327,163514,229820,322573,202282,188115,268865,156296
2021/7/9,745490,234139,188850,394255,130794,222700,330977,412978,234034,278723,966296,806941,1874663,1115151,390086,180610,210592,135815,127665,349129,364919,512879,1062547,309418,201452,433390,1327428,890104,231181,202067,99605,122737,341882,381060,277412,146590,171746,229609,151276,851796,168244,236901,331738,208260,192722,277905,161694
2021/7/10,765913,241023,197119,405882,139754,231406,340092,423237,244582,288035,1004786,834582,1941988,1166917,404220,186230,215759,139298,134594,360048,377304,530494,1103722,320015,207609,446664,1374872,927144,239224,207275,102035,125889,348584,397779,283479,150229,175422,243185,155780,877251,172740,244140,341101,212988,196136,284463,168253
2021/7/11,789753,246522,206361,416561,151116,238376,349122,439717,256527,295612,1045786,864175,2004838,1216373,421610,191461,221700,141922,143938,370778,392419,550592,1139320,332979,216252,462170,1419427,958023,248832,213811,104547,127893,354795,417948,289393,152725,178564,255539,160508,904440,177435,250244,347224,218898,199555,290873,174450
2021/7/12,821266,254743,211258,426242,158309,245006,359421,454235,265319,310533,1080554,894802,2068023,1271475,432213,196111,226519,145501,147862,380962,403643,569387,1171908,340517,223512,473284,1465057,989717,261377,217715,106453,131074,363287,437296,298415,156461,183071,263887,164557,924429,181715,258258,358457,225326,204833,300662,179415
2021/7/13,853197,263053,217840,436788,164406,251916,370856,468555,275760,324024,1116695,926698,2134482,1326822,442710,201443,231170,149232,152928,393015,414300,587918,1203937,348111,231002,486099,1512684,1022091,272007,222676,108492,134086,371486,456948,308696,160785,188413,271853,168176,948425,186581,266352,369477,231553,210472,310047,185127
2021/7/14,883598,271847,225175,447526,172069,258455,381736,482332,285771,338808,1151609,957611,2201132,1381344,453142,206320,237039,153170,159620,404341,425204,607783,1237874,355200,238161,500052,1558259,1055302,282865,227444,111073,137343,379022,476557,319752,164888,193722,280058,171504,977340,191194,274375,380041,237781,217501,319439,191440
2021/7/15,914213,280428,233012,458444,179843,265489,391879,495855,295679,352655,1191771,988032,2266096,1433084,463897,211593,243457,157367,165620,414291,436457,628172,1266901,364013,245289,512676,1604455,1086984,291191,231357,113244,140314,385730,495667,328116,169038,198459,287847,174917,1007231,195484,282098,389786,244172,222542,328612,199974
2021/7/16,942788,288733,238511,468778,186556,271931,402531,509435,305771,365725,1229039,1020175,2338104,1487212,472624,216717,247645,161287,171065,425908,445425,647629,1298881,370906,252656,526470,1653851,1114054,301524,235917,115041,143716,393324,512623,337915,172504,203078,295565,178596,1029701,199607,290388,399219,250053,227385,337943,205210
2021/7/17,970168,296515,248096,479218,195774,279986,411978,521448,317021,376313,1269500,1048906,2411624,1536916,491623,223761,253873,166654,175821,439392,458588,670989,1334370,379654,259949,543489,1704603,1148856,308450,241632,118408,146310,399395,527560,344388,175829,206511,309827,183574,1055219,202512,299611,406914,255420,232539,346476,211261
2021/7/18,996775,302832,259771,488910,207783,288275,420489,538891,328783,382922,1307198,1086197,2478555,1588765,511178,228733,260380,170450,181515,452636,473698,695506,1378199,392821,267927,558083,1751499,1182901,315726,248132,122076,149731,405725,538571,350442,178865,211713,325742,186532,1085594,206090,311155,414565,261000,238415,355953,218415
2021/7/19,1026371,310508,265132,497415,214400,294948,430727,552506,339221,397225,1343472,1121093,2557266,1643198,521603,233590,265789,175293,185259,462062,483799,714352,1400105,400278,274467,571069,1799804,1215062,326836,252516,124677,152846,416276,555389,359517,185008,215619,333746,190165,1104999,209820,318447,425553,268149,242806,366247,223399
2021/7/20,1056963,318194,271808,506725,222414,300322,443323,567192,350961,411418,1382582,1163076,2645569,1702180,533250,239184,271308,180187,189900,473597,493716,734506,1424469,408239,281496,585654,1853224,1249851,337039,258368,127087,155618,427482,572821,369670,191484,220026,342044,194194,1130638,213641,326745,437345,275887,247904,377252,228293
2021/7/21,1088370,326746,278984,516411,231599,306505,453913,582221,363308,425857,1423475,1203469,2740937,1769319,546685,244857,278212,185675,195031,485102,503234,754379,1453663,416128,288502,601298,1911474,1287261,346475,263155,129374,159141,438704,591590,381110,198777,224461,350521,198151,1164142,217898,335322,449770,283660,254803,388735,231635
2021/7/22,1097059,328792,280697,519423,243901,309727,457756,591789,368008,431384,1446508,1220346,2791566,1811254,552326,245931,280839,189001,197908,489407,506449,764821,1460801,420989,294126,605110,1935379,1306908,351467,264242,130179,159757,440749,599201,384586,199601,226273,353047,199101,1175697,218660,339226,454548,285838,256783,392689,237387
2021/7/23,1104726,329883,281144,522029,254268,311484,462072,598636,370864,434121,1460089,1235898,2836123,1840395,556808,247232,281813,190381,199230,493435,508978,775033,1467384,423645,299815,608699,1956656,1320532,355291,264934,130683,160331,443191,605694,387384,200396,227549,354340,199800,1185380,219515,342327,460813,287511,257746,396584,241280
2021/7/24,1132765,339820,293748,532860,266228,318268,470369,616979,383857,446702,1503019,1271676,2929496,1905153,578160,254593,289157,195964,205589,508883,523180,800281,1502402,437215,309389,627875,2021327,1368011,363632,272777,135541,163952,453635,625990,398202,204797,234124,368447,204742,1221303,223531,355412,471785,294776,263146,405422,251046
2021/7/25,1157153,348358,307765,542159,278014,323825,478579,637136,397985,454657,1540328,1309439,2996189,1965640,599792,262110,296399,199861,212745,521029,537069,823458,1540615,453912,319319,647717,2072769,1417726,374580,281580,140220,168806,460394,643624,405978,208056,242123,383367,209066,1258656,227433,367786,480898,299553,269269,413617,258479
2021/7/26,1198383,359161,314198,554633,285924,331400,492307,658389,409408,472672,1593599,1356750,3115764,2038063,614955,269140,302686,205704,217458,537217,548964,848348,1576423,464409,328889,667076,2143918,1454741,386353,287728,143542,172989,474872,663879,417746,215584,247377,392654,214194,1295469,233804,379385,499982,309172,276049,426431,264593
2021/7/27,1237122,369715,322386,567450,293804,338332,507658,679471,421531,488020,1648482,1405475,3242319,2111088,630143,276369,309143,211409,223217,553930,560822,875523,1615040,474102,338806,685554,2216954,1493937,397332,295342,146782,177082,489583,685126,430025,224040,252698,401445,219304,1335524,240064,391761,518767,318652,283330,439176,270929
2021/7/28,1277826,380023,331281,580503,303635,346967,521898,698893,434516,504082,1700448,1454445,3371640,2189849,647080,283697,318320,217875,228565,571107,574861,903197,1658160,483883,349262,705184,2287205,1533778,407721,302087,150113,181213,504026,708046,442767,231945,257207,410459,223436,1382418,245748,404653,536816,327792,293450,451248,280422
2021/7/29,1317946,390088,338311,594469,313346,355813,535954,720362,446537,519591,1754753,1501908,3500982,2272750,663616,290108,327119,224901,234837,586327,587270,933022,1699318,495965,357700,722962,2354824,1575440,417446,308771,153538,185825,517579,726076,454001,238744,261734,419286,228012,1428976,253476,416306,555915,335760,301812,463795,288583
2021/7/30,1354946,399464,344188,608466,320870,363021,551621,742264,457375,536138,1811457,1557017,3645129,2355457,679088,297671,335102,231221,240373,600769,600693,962017,1743155,506122,367960,743657,2432786,1617953,427039,316288,156781,191096,533650,746443,467611,246210,266904,428728,232471,1471745,259617,427382,575278,345586,308244,477447,295036
2021/7/31,1390016,409945,354718,624213,333045,370308,563730,763912,468834,550028,1859468,1602645,3761966,2429737,710676,307982,343593,238019,246278,620162,619444,992696,1790760,521609,379619,766401,2510426,1667015,436277,324873,163618,195345,547689,766072,480689,252489,273589,437679,237611,1511916,264356,441809,590779,352954,316489,487714,306050
2021/8/1,1417677,417882,362261,636766,340711,376584,570381,779312,478932,559530,1888465,1643720,3838936,2480709,728483,313403,350182,241796,249659,634230,629398,1012471,1835895,534021,385921,783388,2564324,1699621,443133,329265,168894,198589,554268,777586,488133,256041,279458,442602,240421,1537710,267904,455360,600082,357200,324257,493860,317076
2021/8/2,1452189,426211,367964,651087,342665,383025,581557,797848,488790,571815,1941296,1694302,3961668,2540290,742397,320385,356873,247399,253330,644750,639119,1033562,1877220,544179,392504,798038,2628273,1729274,449817,335769,172220,202770,567753,792940,497691,261072,283022,449528,244064,1570922,272773,463497,615708,364668,329555,503280,322018
2021/8/3,1488335,434619,375074,666600,345297,389335,593617,815197,498990,584867,1996635,1746636,4090122,2604597,757774,327164,363264,252918,257477,655990,648316,1058146,1924081,554823,398419,812600,2693727,1761254,457611,343002,175676,207814,582505,811114,507573,265174,287101,455983,247968,1608538,278152,474591,630215,372710,335657,513665,327913
2021/8/4,1526216,442154,381397,680601,349179,395823,605578,832973,507992,596832,2050304,1797277,4221220,2675947,774415,333695,370949,257923,260753,665636,657220,1081387,1969601,566257,404783,828325,2756787,1792198,466233,349594,178817,212735,595403,828922,516745,269329,290970,462327,251977,1643776,282882,485558,644893,379945,342350,523289,336400
2021/8/5,1563547,450716,387920,695437,353579,402171,620015,851970,517422,608058,2109441,1849151,4353067,2752394,790033,340703,377888,264250,264064,675203,666735,1104096,2018399,579378,411725,842369,2816618,1823692,474592,356826,182289,218083,608645,845573,525686,275176,295411,468237,256243,1681936,287832,495803,658913,386699,348712,532882,344892
2021/8/6,1598458,458900,394274,711992,356433,408283,633837,871920,527916,622583,2173584,1907021,4494730,2825917,805225,347661,386247,269739,267529,685591,676984,1129366,2074482,590672,419890,859184,2885961,1856955,482502,364353,185935,224195,625874,863866,536824,280889,301727,474785,259972,1718754,294015,506131,674799,395317,354984,543276,351626
2021/8/7,1627105,466568,404227,727253,360055,416645,644688,893886,539115,636178,2221182,1946963,4600339,2892118,828397,355846,395382,274396,271005,697723,692450,1153089,2132883,603949,432821,879761,2949189,1886821,491333,373611,191483,229663,642695,888290,547812,287189,308028,482131,263612,1750120,301681,516279,689454,402892,361726,551522,363400
2021/8/8,1652101,470603,412191,739100,363786,423516,650568,910418,545717,646497,2253333,1981172,4677995,2936913,845919,359890,403243,277608,272987,707536,705357,1164858,2175099,614394,442942,896203,2987090,1906423,499432,378257,195264,234248,651932,908907,555683,292077,312904,486741,267450,1771326,305505,522451,695823,408473,369258,556310,373935
2021/8/9,1659931,471327,412658,742899,364526,425082,653743,918931,548352,654740,2266760,1993521,4719421,2953838,848972,360802,404651,278624,274695,710181,708073,1171052,2187459,616803,446596,899675,3002487,1913928,501367,378862,195719,235175,654395,915107,557847,292285,313373,487232,267550,1778569,306150,523560,699910,409295,369865,558597,375134
2021/8/10,1691715,480214,419917,757592,368142,431158,665023,940493,559224,670976,2318189,2035824,4838037,3011818,862481,366869,412099,285285,278243,721250,716978,1192628,2236957,627379,455928,912196,3056170,1944640,508077,385249,198981,240101,668226,933793,569673,295904,318399,493733,270809,1818785,312063,535479,715298,416429,375793,569305,383235
2021/8/11,1720033,487303,426541,769523,371802,436455,675399,960657,569165,684568,2362386,2074347,4950806,3069188,874885,372449,419017,290581,281479,730449,725302,1212963,2281940,637893,462270,921627,3098756,1970707,514484,391248,202021,245515,680749,950720,579935,298524,322814,499283,273140,1851982,316697,545704,727266,423042,380943,577608,388890
2021/8/12,1738461,489433,429876,776114,373091,438283,680013,972409,576265,693878,2389191,2099875,5035504,3112361,879705,374367,421534,294276,283295,734757,729472,1222905,2305886,643438,467505,926986,3123064,1986415,516579,393124,203521,247917,687362,958688,583318,300001,324622,500625,274343,1872290,318064,550338,733706,425377,382944,581317,394459
2021/8/13,1754168,490144,430968,779897,373183,439069,682230,980547,580156,701101,2411517,2120930,5116874,3150712,881825,375826,423436,296573,285121,736766,732256,1230586,2319601,645409,470965,931334,3140695,1999321,518595,395757,204360,249046,692025,962363,584863,300746,325417,502324,275352,1881762,318724,552890,738575,426557,383923,583758,399161
2021/8/14,1766612,490686,434680,785358,373921,440171,685896,987898,584001,710630,2434355,2138866,5193406,3184774,889279,378327,427579,299277,288284,742489,739915,1241897,2351060,649013,476148,936148,3164607,2014588,523129,399492,206472,250728,698912,970581,590797,301743,327867,506270,278580,1891977,319031,554234,746296,429447,386160,587279,410461
2021/8/15,1779436,492013,437589,790365,375194,441220,688426,996935,587751,720376,2456989,2160630,5261629,3217692,894259,379895,431176,301038,291192,748085,747539,1250783,2376991,653143,481365,940441,3186005,2027430,527533,402501,208943,251963,704817,977279,595892,303105,329688,509606,282093,1902092,319398,556389,751335,432223,389416,588381,420869
2021/8/16,1802779,496938,439181,798741,377245,443323,693293,1010897,593405,732116,2494686,2193140,5351889,3265403,900650,381372,434851,303065,293872,750199,754808,1268130,2426282,660658,489168,946609,3224530,2049648,532632,407002,210776,255141,713648,992377,600339,305044,334375,513973,284144,1929542,322760,562821,760734,437206,392870,596075,426639
2021/8/17,1828668,502468,444718,812422,379481,446881,702530,1028761,606013,746050,2537866,2229989,5449767,3319297,909270,386684,439590,307241,297411,758076,763741,1288633,2478446,668950,499537,955300,3269804,2078281,538422,411824,213263,259126,723221,1010227,609516,307686,339124,519387,286180,1959772,326891,570839,770526,442288,396995,604286,433607
2021/8/18,1854101,508329,450490,824003,380967,451294,712929,1045940,617159,759143,2576890,2265289,5548257,3372338,918275,391229,445020,311105,299914,766373,772881,1309449,2528572,677800,508858,965108,3310944,2104954,544204,417068,216038,263735,732056,1028356,618874,311709,344506,524108,288478,1986931,330495,578137,780199,447123,400901,611500,441043
2021/8/19,1877868,514672,455498,834739,382536,455650,724134,1063053,627307,772100,2614479,2296624,5637739,3421157,924958,395621,449882,315024,302580,773327,781683,1330731,2581085,687778,517118,972812,3349130,2128730,548782,421395,218997,267919,740747,1045209,626078,314623,349854,529192,291279,2014368,333868,584343,789137,451577,404564,617967,447805
2021/8/20,1901873,521165,460191,847923,384437,459471,735046,1079506,640047,788236,2656881,2330614,5735973,3474985,932928,400607,455118,318820,305878,780782,791666,1353651,2635274,696240,526842,981968,3394350,2154198,554203,425321,221337,271501,748886,1063504,634027,317148,355749,535108,294135,2043373,337362,592085,799189,456988,408924,626142,452746
2021/8/21,1928416,526371,468002,858463,393052,466008,745936,1094107,653833,800162,2690847,2358719,5818486,3518053,948846,406132,463490,323725,311150,792195,806672,1373587,2699213,706755,538296,992931,3437721,2183584,560993,432409,226205,274876,760956,1084689,644458,320139,361125,542337,300275,2075162,341798,597631,808616,463469,412774,634419,460993
2021/8/22,1953063,531133,473512,867610,404749,473363,755677,1109361,666768,809330,2720045,2387604,5891022,3553127,962549,412452,471978,328687,317132,803725,822693,1391569,2739589,716584,549540,1002074,3467748,2202101,569741,437910,230518,279622,768182,1100051,652473,323506,365760,547068,305302,2102607,345660,603076,813010,468546,415771,638992,467600
2021/8/23,1978254,537174,477526,879582,411127,477070,766440,1127329,678387,822634,2758713,2420388,5977524,3604742,970918,417084,477172,332431,321420,812138,831155,1410775,2786106,724756,557290,1010225,3505300,2224877,575343,442126,232648,282590,776245,1119099,660684,326442,371990,554459,308435,2129259,348909,610297,822492,473097,420444,646308,473634
2021/8/24,2001231,542605,482189,892129,416384,481709,778156,1145403,691825,835148,2796750,2453608,6064953,3658377,977917,422111,482588,337973,324837,820968,839255,1429544,2830024,732766,565154,1018803,3541613,2247458,580022,446745,234451,285386,783551,1139163,669108,329860,378110,561563,311955,2158508,352304,616811,832641,477405,425419,653804,480296
2021/8/25,2024268,550060,487100,901399,422332,487529,789106,1161778,702975,847100,2829001,2486287,6151766,3708059,985930,426265,488505,343229,328031,828998,847907,1446991,2879668,741071,572723,1029449,3573461,2268416,585047,451422,236732,288763,791022,1158449,678090,335327,383883,568628,315151,2182178,355430,623519,841521,481542,430649,660027,489284
2021/8/26,2046554,556131,491891,911746,427905,493314,798743,1178805,713675,859550,2860038,2515485,6228702,3754210,994453,430584,494273,348231,331318,836264,857879,1464900,2923058,750078,580268,1037927,3606090,2289218,589480,455081,239634,291282,797303,1175089,684888,340090,389238,574942,318046,2207090,358361,630291,850948,485953,435614,665845,499431
2021/8/27,2070546,562249,496156,923812,434197,498925,810381,1196489,725404,872762,2896383,2548862,6312417,3806745,1002395,436086,498889,352741,335048,845208,867158,1484823,2975355,758376,589375,1048023,3646052,2311946,594824,459623,241723,294291,804465,1195912,692438,344016,394970,582081,321720,2233994,361498,637563,860999,490895,440247,673430,506675
2021/8/28,2095956,569814,502497,936105,439886,509563,819474,1215978,737151,885431,2930005,2579545,6394844,3853741,1015366,443071,506284,359093,343083,859822,885205,1507288,3028138,770581,598976,1062141,3683025,2337777,602534,467513,246499,299564,814709,1220507,704037,348594,402556,590708,327049,2270281,365454,644104,871353,499551,445107,681055,516858
2021/8/29,2117000,572671,509360,946231,445889,517056,826720,1235506,748312,893783,2958526,2605983,6468707,3888600,1025624,449178,514952,364028,350868,872567,903970,1526120,3071508,778970,606852,1075849,3710808,2359929,609559,475635,250782,302552,820460,1237987,714132,352825,409538,596721,331994,2309738,369000,652294,876944,504355,447859,685793,526816
2021/8/30,2127885,574328,510332,953151,448547,519243,830344,1243851,753554,901312,2976427,2626198,6519334,3913675,1028934,450427,516137,365361,351640,873783,905957,1535423,3094167,781300,610794,1078609,3726395,2369799,611922,476528,251062,303434,822559,1244551,715810,353310,411635,597478,333133,2324041,369539,654279,881428,505773,448470,687777,528762
2021/8/31,2148070,578872,514404,963447,454095,524343,838376,1257975,764586,911015,3002980,2657605,6588989,3953097,1033653,456538,520855,368736,355297,881093,912595,1550075,3128175,788084,616198,1087715,3756403,2391039,616188,480579,253121,306104,829719,1259866,721595,356918,416147,604429,336470,2346156,372530,659412,891672,510324,451814,693582,534483
2021/9/1,2168288,584605,517749,970330,459660,528998,844265,1270800,774841,920907,3025869,2683105,6653610,3993267,1040585,461490,526329,372250,358139,887184,919533,1564985,3161116,794267,619849,1096344,3781499,2410518,620102,484223,255188,309205,835981,1272516,728036,360641,420289,610583,339137,2362219,375324,663939,902232,514029,455795,698832,543524
2021/9/2,2188062,590336,520903,977351,463991,532084,850064,1283043,784676,930942,3050554,2708604,6719813,4034746,1045715,466914,531978,376372,361089,893246,925654,1579948,3193674,801245,624395,1105327,3806932,2429316,623810,486923,257818,312545,843674,1283727,733883,362854,423662,617563,342547,2383056,378873,669663,914145,519198,461004,704495,551597
2021/9/3,2205382,592821,522000,983721,465408,533961,853839,1292973,790345,939703,3074601,2734820,6787492,4070363,1048830,471353,535879,380024,363202,896923,930954,1592833,3221814,805061,628349,1111472,3832443,2448716,626639,488653,258457,313982,847891,1293166,737568,364575,426333,621666,346282,2400392,380386,673281,923766,521728,463258,708708,557683
2021/9/4,2222254,595117,525086,987758,467827,536836,857659,1302107,793046,947944,3098779,2754471,6856267,4109537,1065428,474344,539786,383692,366226,900171,940134,1610115,3252717,809315,633377,1117824,3855134,2468727,632425,492198,260764,315723,853764,1304738,742420,366350,430913,627705,351976,2416898,380941,675358,932141,524174,466411,711137,567746
2021/9/5,2234353,596258,527586,994122,471025,539269,859542,1309223,797744,954842,3118892,2772566,6923115,4143040,1080760,476134,542703,387065,369881,903781,949006,1624952,3279878,812307,638079,1123980,3875870,2491095,638274,495292,262614,317214,857920,1313851,745891,368678,434709,631667,356650,2429006,381526,677098,937980,526405,469416,711916,575756
2021/9/6,2254437,601095,528732,1000191,475345,543771,863060,1318968,802230,964924,3143102,2795325,6976904,4174353,1085469,478476,546368,389384,371698,908182,954609,1640546,3307487,818035,640633,1128750,3901569,2505655,643074,498631,265149,319179,863990,1321431,748737,372895,438627,635639,359543,2446518,384980,681825,945986,530703,474094,719860,579434
2021/9/7,2277516,605682,533347,1010243,479999,549010,870869,1330936,811463,975475,3172052,2821509,7037724,4211579,1092866,484153,551387,393017,374796,918392,961618,1656344,3338413,825326,643924,1139042,3935915,2522885,648199,503360,267550,321552,871339,1333037,753559,377480,444061,642793,362688,2469219,389307,687965,954711,535753,479318,728148,584280
2021/9/8,2302469,611390,537965,1019518,485629,554538,878174,1342028,821286,986416,3200401,2847039,7102640,4252275,1101342,489342,557935,396645,379756,928169,969245,1672003,3373348,831831,647750,1149618,3970584,2546873,653267,507345,270493,323997,879031,1343948,759120,381906,449373,649631,365620,2490830,392963,693515,963662,540478,485865,736249,591593
2021/9/9,2326355,616655,543115,1028973,491793,559933,886377,1353162,830856,998503,3230025,2871992,7165466,4294955,1109084,494048,563804,400423,384845,938243,977014,1688997,3403558,839445,651771,1158932,4004970,2567554,658498,510080,272954,326759,885516,1352950,764004,385876,453785,656721,368231,2513685,396457,699141,972603,545219,492203,743962,599161
2021/9/10,2352644,621353,547705,1039820,497388,565694,895517,1366840,840303,1011212,3264891,2905193,7234276,4337810,1115593,500076,569727,404913,390531,948538,985449,1707024,3439530,846911,656814,1170188,4050577,2593123,664028,514588,275499,329658,894093,1366835,770232,390487,458591,664264,372134,2540961,400635,704854,981636,550085,498082,753206,604187
2021/9/11,2379516,628000,553187,1050437,504008,573677,903998,1381140,850039,1024532,3301948,2936800,7313554,4386361,1133763,507680,576599,409825,399514,962915,1003040,1731001,3482570,856636,664200,1186920,4098939,2627611,672262,523831,279817,334039,903623,1382430,777029,394636,466450,671832,375089,2570639,405157,711010,990999,555936,503833,761231,611186
2021/9/12,2402561,630886,559142,1066171,509403,579930,909157,1391179,856387,1034116,3334677,2960636,7379256,4422518,1154162,513122,581918,415312,408944,974899,1014595,1746414,3528140,868304,670736,1204281,4132754,2658217,679585,530046,282851,335565,908380,1393076,782131,396654,472047,676544,377219,2599962,408734,719643,998111,558016,509079,764820,615718
2021/9/13,2426050,635998,563468,1077251,512077,585162,917729,1406026,864318,1045227,3367430,2988516,7435001,4459016,1159625,518172,587089,418707,412886,984081,1021255,1761163,3558154,874696,674788,1213011,4172607,2681383,684748,533672,285296,337868,916003,1403130,786966,399542,474951,683168,379750,2619011,412196,724959,1004767,562535,513070,773227,618910
2021/9/14,2450532,640538,568641,1090402,514936,587931,927042,1420115,872410,1055337,3403566,3018487,7497856,4500694,1166480,523181,591689,422182,417880,993519,1028755,1776950,3591032,882392,678862,1223313,4214637,2701398,690486,537547,287760,340912,923747,1413270,791544,402533,478613,689573,381872,2641579,416379,731144,1010961,566995,518051,782206,623869
2021/9/15,2474425,644808,573109,1101749,517926,591786,935206,1434356,879768,1065908,3438584,3046082,7565826,4549126,1175688,527667,596321,426270,422210,1002012,1036938,1795395,3619453,889194,683197,1233644,4256000,2722173,696278,541900,289775,343935,931714,1424060,796610,405317,482567,695401,384172,2661239,419314,736218,1017784,571225,522874,790488,630624
2021/9/16,2498101,649335,578283,1113258,520777,595908,942832,1448559,886170,1076464,3475562,3076115,7635102,4596786,1183749,531504,601734,430448,427348,1010558,1044455,1812505,3649789,898561,689086,1243547,4296779,2742517,703387,545382,291776,347096,938961,1432398,801464,407604,486173,701083,386495,2682390,423154,741354,1023952,575757,527991,798964,635842
2021/9/17,2524883,654346,583337,1126610,523648,599864,953255,1466084,894819,1087181,3517703,3113512,7711682,4643426,1193806,537373,607668,435137,432030,1019977,1052716,1831970,3687567,906378,694829,1254452,4347284,2769436,709708,549142,294290,350886,948666,1443798,807533,410908,490418,707520,389281,2706101,426863,746599,1031707,581139,533973,809688,640875
2021/9/18,2547936,662473,588367,1141121,527915,605156,962910,1481801,902676,1101335,3562668,3146706,7787310,4700833,1205880,545631,615208,440380,440230,1030052,1064955,1856379,3734882,917769,703772,1270920,4398287,2804355,717126,555385,297842,354042,957979,1458117,815940,415231,496422,715572,393791,2732182,430913,754527,1040771,585759,539322,819226,649786
2021/9/19,2564443,669120,593872,1159227,531356,609459,969183,1491096,908786,1111169,3598575,3172344,7853383,4744653,1215796,550216,620792,444964,449190,1039873,1073688,1871647,3766261,933117,713186,1285806,4431297,2834032,726815,558964,301158,356168,961995,1466492,820242,417736,502099,720415,398803,2753531,433830,762447,1047722,587716,545115,824546,655411
2021/9/20,2569264,670174,594348,1163996,532685,609874,970112,1494323,910221,1116341,3609081,3179419,7878832,4757814,1219464,550715,621597,446053,449682,1042125,1074776,1876822,3774946,934941,714879,1287221,4446463,2845235,730497,559334,301356,356256,962826,1468306,821236,418305,503142,720966,398925,2759047,434130,764195,1049107,588240,545599,825406,656325
2021/9/21,2596979,675725,600763,1179987,535508,613665,980135,1511853,919020,1129504,3655530,3217623,7955490,4812333,1229600,556569,625700,450333,453134,1053288,1083402,1898568,3815631,944774,722108,1298714,4501783,2873875,738292,563912,303955,358998,971662,1482991,825655,420668,508295,727904,401762,2786877,438507,772125,1055508,594150,551831,836491,662364
2021/9/22,2624156,680759,606839,1191979,538301,616887,989437,1528750,927522,1143661,3698829,3254765,8035944,4866969,1241058,559812,629849,454148,457135,1063238,1092467,1918985,3853160,953447,728988,1309805,4552780,2901588,745789,568084,306171,362165,980192,1496111,829841,422532,513501,733916,404518,2810455,442036,778829,1062625,599645,557752,846399,669230
2021/9/23,2630749,681121,607650,1195674,539670,617695,991217,1533051,931163,1150251,3718393,3268145,8070493,4892814,1249624,560575,631216,456515,458366,1066787,1094611,1928051,3862267,957571,733111,1311637,4569274,2913832,750382,568496,306813,363448,981073,1498733,831072,423671,514645,734632,404679,2819032,442576,782154,1064852,600950,558796,847908,674285
2021/9/24,2663553,687523,615804,1211605,542706,621720,1003612,1554193,941428,1164206,3770215,3312612,8152405,4949871,1261944,565913,634937,460990,461899,1077807,1105627,1950998,3911764,968859,741875,1325256,4628388,2947406,757524,573200,309697,367315,992106,1517123,835669,426561,520259,741516,407550,2850043,447267,790368,1073017,608217,566517,860950,679256
2021/9/25,2693554,697859,625450,1227622,547856,630333,1015663,1572519,955291,1179467,3823683,3353643,8230942,5018174,1288988,574606,642626,467389,469385,1097475,1128997,1983492,3987546,983192,753915,1347622,4693892,2989697,769109,580860,314296,372137,1004486,1537416,843539,431306,526907,748809,411180,2887335,453216,804510,1082367,616287,575321,873738,689364
2021/9/26,2720770,707132,634295,1244473,553332,636786,1023418,1583864,966537,1190826,3870669,3386479,8290388,5066272,1312664,582540,649729,471168,476875,1114746,1142646,2010928,4040993,998963,764245,1364555,4732402,3019553,780121,585504,317364,375816,1010058,1549694,848243,433681,535459,755310,414806,2925962,456166,814604,1089214,621589,582839,880284,699539
2021/9/27,2749702,713245,640210,1261130,556040,640189,1033147,1600673,976159,1201398,3914334,3421605,8353855,5116982,1320084,586115,652954,474280,480298,1122938,1151303,2031672,4083251,1007356,772224,1377198,4778066,3048626,786811,587923,319160,378797,1018662,1563527,851480,435641,539248,760448,417314,2946017,459349,820331,1094445,627269,587139,888616,703488
2021/9/28,2779792,719694,646465,1278147,558788,643143,1042277,1616796,984986,1210394,3957273,3459026,8419626,5169381,1328621,590861,655944,477278,483391,1130382,1159589,2054219,4125840,1015045,780320,1388813,4823211,3074528,793043,590472,320905,381711,1026889,1575824,854678,437727,543025,766418,419670,2971458,462599,825822,1098191,632413,592224,897336,709755
2021/9/29,2807313,724981,652742,1290771,561498,646634,1051098,1632780,995252,1219196,4000237,3493473,8485712,5224924,1337103,595498,658563,480166,486708,1137963,1167530,2076079,4162258,1022537,788348,1399779,4867113,3101377,798413,592607,322218,384528,1034431,1586634,857688,439637,546585,771199,421748,2991720,465391,830578,1101697,636863,596470,904718,717977
2021/9/30,2835437,731455,658684,1304137,563911,649836,1060851,1648189,1005530,1227542,4040686,3529680,8554319,5280924,1344203,600043,662532,483908,489589,1144893,1175286,2099163,4197272,1033290,796680,1409730,4909288,3128133,802821,594977,323947,387428,1041443,1597151,860479,441218,550030,776321,424415,3014877,468822,835156,1105080,641770,601898,911825,725945
2021/10/1,2864989,737950,664608,1319308,567102,653087,1069288,1663449,1016740,1235997,4084892,3563649,8619907,5337091,1355056,605602,665179,486771,493511,1154111,1183951,2120739,4244561,1041905,804740,1420896,4958958,3157743,809005,596857,325539,390866,1050407,1611912,864007,442848,554786,782428,426981,3036773,472510,841049,1109383,646638,607141,920187,732674
2021/10/2,2898838,745081,674401,1331736,571676,659736,1079534,1681681,1031654,1246195,4129223,3598875,8678032,5402829,1374888,613050,671082,491461,502914,1169366,1197206,2150201,4302905,1056222,815192,1437665,5009469,3194398,819439,600276,329714,393488,1061467,1632221,870738,446000,560604,787903,430301,3067392,476007,847789,1113372,652648,613660,930068,748106
2021/10/3,2929763,751794,684279,1340875,580553,663962,1086767,1696727,1047074,1249633,4169846,3628547,8723036,5453164,1391368,619931,677861,494480,510426,1183463,1208904,2173699,4344920,1068763,824402,1449415,5038642,3218820,827943,602868,333430,395509,1065275,1643419,875606,449090,563530,792460,433342,3094564,477733,851383,1116185,657526,618029,937186,760266
2021/10/4,2954103,758285,688260,1354367,584988,666421,1094121,1715356,1057765,1256676,4209340,3656757,8772022,5504353,1398562,622973,681080,496593,512717,1192646,1217389,2191902,4380207,1076376,831015,1458540,5076869,3239978,833966,604456,334829,397812,1071379,1654549,878221,452126,566706,799617,436307,3108123,480122,855298,1122312,662873,622693,943853,764908
2021/10/5,2980471,765356,693152,1367473,589412,671625,1102716,1731966,1069113,1263010,4250230,3687401,8823996,5558678,1406904,626421,684788,498878,515094,1202644,1225612,2209270,4413764,1084493,837715,1468420,5114546,3260243,839850,606086,336537,400243,1077777,1666360,881371,455223,570687,806883,438810,3124285,482613,859468,1128555,668439,627868,950659,771613
2021/10/6,3008008,772240,697632,1377494,593638,675117,1111562,1749248,1081654,1268881,4285488,3720482,8876396,5610271,1414170,631318,689077,500970,517313,1213774,1233459,2225169,4446387,1091793,844104,1477862,5151070,3283834,844621,607752,337976,402155,1083493,1678038,883618,458448,574312,813539,441385,3138237,485050,863941,1134914,673752,632229,957059,780146
2021/10/7,3034281,780539,702469,1387160,598365,680295,1120773,1765389,1095115,1274854,4320759,3752531,8928116,5661020,1421965,635982,693983,503118,519446,1223585,1241239,2241792,4478170,1100160,851552,1486563,5184093,3306193,849502,609269,339993,404221,1088870,1688573,886539,462762,578696,819478,443864,3153542,487276,867862,1139939,678823,637729,963243,788379
2021/10/8,3067044,789512,708175,1398601,604228,686248,1131360,1784049,1109288,1283188,4366902,3789745,8993182,5721493,1430994,642051,699537,506087,523156,1235714,1250345,2262913,4521165,1109134,859736,1497732,5229017,3332968,855809,611179,342108,407464,1096586,1702988,891192,466701,583266,827568,446659,3171062,490478,872443,1147445,685305,643682,970448,794706
2021/10/9,3101962,800397,719890,1409623,611518,690819,1141293,1805692,1129168,1290719,4413938,3827594,9053025,5784040,1450641,651943,707039,511325,530963,1257465,1269090,2290518,4584445,1122686,871523,1517628,5279126,3369428,867511,614744,346581,411223,1107839,1723810,897135,470257,588919,834111,450593,3200566,494797,878441,1154959,691285,651978,978600,808138
2021/10/10,3129810,806015,732401,1419452,618504,694736,1148916,1822364,1147952,1294795,4452703,3854018,9101294,5831330,1461860,659852,713070,514410,537579,1274518,1283042,2313768,4625860,1133179,880729,1529054,5305853,3396031,874508,616858,350816,412654,1112707,1733787,901052,472412,592079,839028,453513,3230146,498251,883510,1157952,696407,655614,982563,819519
2021/10/11,3141553,808692,733655,1427767,620737,695758,1151344,1830901,1151218,1298471,4471808,3869334,9127157,5850663,1464912,660590,714153,514775,537888,1277893,1284219,2322271,4638444,1135803,884175,1532606,5319296,3406361,875963,617012,351169,413340,1114277,1737381,901512,473279,592911,839331,454251,3237133,498606,884101,1159464,698648,656377,985127,821479
2021/10/12,3163939,814773,738029,1439798,626321,699415,1158234,1843004,1163364,1304096,4502870,3895026,9167833,5887368,1471000,664401,717585,516242,540195,1284850,1289775,2335574,4663035,1141904,888825,1543018,5349263,3424091,880680,618725,352667,415621,1119087,1747561,903948,476789,596168,844375,456240,3251730,501312,885795,1164712,703599,660324,990974,826109
2021/10/13,3183700,820182,741856,1449521,631610,702415,1164451,1854698,1176289,1309121,4529840,3921275,9206625,5925178,1477210,670380,722062,517899,541784,1292209,1295771,2349043,4686391,1146478,894062,1552971,5378762,3446653,884926,620967,354398,417979,1124940,1757094,906312,480580,599491,848403,457931,3264696,503647,887859,1169664,708158,664732,996792,832253
2021/10/14,3193588,822813,743292,1454779,634310,703642,1168088,1862858,1182122,1311769,4548120,3937818,9240482,5955878,1479771,671722,724825,518697,543101,1297220,1296921,2358593,4698322,1149356,898330,1556082,5393567,3459199,886490,621198,354826,418850,1126376,1761295,907887,481177,600747,849536,458746,3274315,504157,888498,1171056,710168,666808,999527,835351
2021/10/15,3220458,828477,746923,1466059,640062,708223,1176946,1876712,1194939,1319507,4583885,3967650,9292409,6000931,1486043,679001,730638,520797,545343,1305675,1303668,2375328,4727864,1154573,904276,1564771,5429858,3482687,890477,623165,355935,421372,1132690,1773118,910761,484793,604076,853784,461519,3287241,507032,891500,1176833,715352,670948,1005558,840328
2021/10/16,3249634,836034,755612,1476501,648377,712998,1183865,1895025,1208533,1327064,4626391,3999440,9345856,6052065,1496382,688407,736821,523791,550225,1316115,1315337,2400588,4773440,1164881,913492,1582763,5470878,3515343,897747,627704,359054,424458,1140563,1790555,916045,487789,609402,859498,464848,3312431,510198,894452,1182459,720372,675472,1012394,849460
2021/10/17,3274624,840166,763217,1486067,654659,716884,1189197,1909085,1221512,1331150,4659874,4030789,9388534,6094589,1503875,693640,740983,526464,555388,1325518,1325706,2418097,4807188,1173438,921480,1595935,5492223,3537405,904064,629703,361091,426370,1144239,1799803,918362,489629,612010,862888,467410,3335613,511839,896936,1184583,723311,678628,1018035,856476
2021/10/18,3293481,845546,766932,1492002,659473,720128,1194588,1921685,1229992,1336157,4686478,4052946,9418313,6125149,1509632,698744,744437,528584,557020,1332490,1331248,2434888,4828589,1178016,926326,1602461,5517065,3551868,907186,631865,362448,428446,1148846,1809231,922284,492508,614570,867437,469198,3345067,514095,899674,1189465,727691,682865,1023938,858957
2021/10/19,3316883,850334,772654,1500229,663820,723803,1202370,1934556,1239825,1340719,4715769,4077306,9451222,6160370,1515624,703156,747586,531187,559292,1341720,1337052,2448716,4851146,1183434,931185,1611706,5543431,3567968,910532,633783,363962,430935,1154708,1817062,925607,495624,618406,872433,470871,3358440,516688,902981,1194607,732233,687136,1029641,862146
2021/10/20,3339097,855152,776757,1508998,668453,726866,1209990,1946149,1250467,1345912,4741142,4101982,9484916,6194592,1522584,707680,751819,532541,560928,1349588,1342677,2466369,4874623,1188801,935232,1620565,5568954,3586555,913975,635829,365390,432960,1160449,1824733,928423,498460,621760,877583,472720,3369837,519004,906683,1199505,736269,691827,1035745,866556
2021/10/21,3356835,859941,780859,1515963,672885,729775,1216989,1958692,1259761,1350011,4768088,4124266,9522471,6228042,1529085,712034,755773,533913,562819,1357474,1347798,2482930,4894569,1194273,939868,1627313,5592567,3601803,918049,637135,367021,435057,1164746,1830601,930544,500771,623957,882115,474252,3382227,521096,909856,1204409,740258,697078,1041078,870468
2021/10/22,3384733,864965,785599,1526549,677669,734488,1226560,1974918,1270003,1357281,4803051,4152982,9563974,6266348,1537172,718051,761359,537916,564834,1367083,1354539,2500710,4924181,1200095,945676,1635824,5628346,3622720,921865,639332,368345,437696,1172573,1840874,934065,504396,627160,887144,476461,3396393,523936,913616,1210017,745036,700817,1048140,873484
2021/10/23,3410576,873134,793055,1537598,683671,740710,1232979,1992150,1282815,1366458,4846535,4186533,9614230,6316110,1548688,728886,766822,542635,570060,1380000,1369578,2527174,4970116,1210146,955461,1652948,5672273,3653897,929612,644026,371254,441211,1181428,1857195,939499,507416,631809,895225,478644,3417379,527489,918649,1216286,749637,707119,1055042,880683
2021/10/24,3432722,883191,802360,1549544,687420,744960,1238170,2005937,1293115,1371040,4882519,4219156,9652267,6355722,1556427,734531,770269,545404,574551,1391454,1376706,2546813,5005255,1221486,964331,1669353,5698840,3676177,935868,645627,372814,444045,1185201,1865444,941339,508596,635580,900019,480106,3437107,531040,922725,1217642,751729,712607,1057640,884876
2021/10/25,3451537,887108,807979,1556222,689668,747618,1245131,2018593,1300193,1375620,4910792,4242030,9678880,6382570,1561140,738474,773000,548105,576257,1397067,1380973,2561533,5025744,1225580,968406,1676360,5725250,3690193,938562,647293,373768,446467,1190826,1872588,944164,509984,638650,902915,481368,3446588,533223,924973,1221356,755388,715648,1062934,886364
2021/10/26,3470614,890600,813651,1563178,692166,749780,1252007,2030693,1307173,1379553,4941855,4265362,9706755,6411282,1566300,742609,775354,550804,578481,1403768,1384905,2576455,5046514,1229734,971406,1683299,5751575,3704503,940930,648545,374647,448707,1196891,1879122,945976,511125,641992,905791,482228,3458288,535815,926948,1224542,758543,718675,1068497,888437
2021/10/27,3485331,893640,818708,1568926,694498,752656,1258454,2042852,1315451,1383160,4968930,4288753,9737259,6440148,1571444,745941,777716,551473,579911,1409828,1389165,2595603,5065116,1233577,974589,1689753,5776554,3718087,943160,649939,375567,451511,1202466,1885158,948416,512171,644675,908674,483224,3466974,537895,928942,1227561,761603,722459,1073424,891227
2021/10/28,3499680,896633,823704,1575862,696797,756392,1264765,2054326,1322302,1386063,4997169,4310862,9765385,6469488,1576225,748556,780654,553154,581644,1416720,1392618,2613747,5081501,1238087,979343,1696375,5798235,3731220,945865,651081,376492,453763,1207033,1889922,951020,513448,647020,911039,483987,3476758,539918,930857,1230353,763612,725658,1078105,893405
2021/10/29,3521478,900433,828623,1584557,699066,759113,1273739,2066682,1330459,1391781,5030806,4338009,9798452,6502119,1583699,753414,785586,556536,584043,1424706,1398263,2632274,5107205,1242976,984143,1703687,5830067,3748173,948570,652984,377557,456532,1213651,1897645,954598,515196,651459,914242,485310,3489268,542890,933373,1234426,767330,729030,1084065,895522
2021/10/30,3541462,908221,835908,1593918,702210,765838,1282308,2079163,1339002,1399809,5072385,4369042,9839255,6542488,1596491,759449,792032,561685,589003,1434375,1411517,2660717,5145590,1251412,992077,1715857,5870986,3777737,953713,656058,378919,460488,1222836,1907611,959020,517554,655826,919942,487630,3506269,545824,938444,1239148,771139,732818,1089396,900751
2021/10/31,3557650,913436,842680,1599785,704190,770952,1287932,2089736,1347158,1402784,5103237,4399561,9870636,6573616,1606283,763934,793606,563266,592171,1442813,1417087,2678896,5171156,1263561,997291,1728219,5895107,3799195,957765,657104,379492,463031,1226584,1912482,963059,518325,659748,923783,488718,3521114,548118,941432,1242001,772837,735976,1090742,902949
