,ALL,,,,,,,,,,Hokkaido,,,,,,,,,,Aomori,,,,,,,,,,Iwate,,,,,,,,,,Miyagi,,,,,,,,,,Akita,,,,,,,,,,Yamagata,,,,,,,,,,Fukushima,,,,,,,,,,Ibaraki,,,,,,,,,,Tochigi,,,,,,,,,,Gunma,,,,,,,,,,Saitama,,,,,,,,,,Chiba,,,,,,,,,,Tokyo,,,,,,,,,,Kanagawa,,,,,,,,,,Niigata,,,,,,,,,,Toyama,,,,,,,,,,Ishikawa,,,,,,,,,,Fukui,,,,,,,,,,Yamanashi,,,,,,,,,,Nagano,,,,,,,,,,Gifu,,,,,,,,,,Shizuoka,,,,,,,,,,Aichi,,,,,,,,,,Mie,,,,,,,,,,Shiga,,,,,,,,,,Kyoto,,,,,,,,,,Osaka,,,,,,,,,,Hyogo,,,,,,,,,,Nara,,,,,,,,,,Wakayama,,,,,,,,,,Tottori,,,,,,,,,,Shimane,,,,,,,,,,Okayama,,,,,,,,,,Hiroshima,,,,,,,,,,Yamaguchi,,,,,,,,,,Tokushima,,,,,,,,,,Kagawa,,,,,,,,,,Ehime,,,,,,,,,,Kochi,,,,,,,,,,Fukuoka,,,,,,,,,,Saga,,,,,,,,,,Nagasaki,,,,,,,,,,Kumamoto,,,,,,,,,,Oita,,,,,,,,,,Miyazaki,,,,,,,,,,Kagoshima,,,,,,,,,,Okinawa,,,,,,,,,
Week,Under 10,10s,20s,30s,40s,50s,60s,70s,80s,Over 90,Under 10,10s,20s,30s,40s,50s,60s,70s,80s,Over 90,Under 10,10s,20s,30s,40s,50s,60s,70s,80s,Over 90,Under 10,10s,20s,30s,40s,50s,60s,70s,80s,Over 90,Under 10,10s,20s,30s,40s,50s,60s,70s,80s,Over 90,Under 10,10s,20s,30s,40s,50s,60s,70s,80s,Over 90,Under 10,10s,20s,30s,40s,50s,60s,70s,80s,Over 90,Under 10,10s,20s,30s,40s,50s,60s,70s,80s,Over 90,Under 10,10s,20s,30s,40s,50s,60s,70s,80s,Over 90,Under 10,10s,20s,30s,40s,50s,60s,70s,80s,Over 90,Under 10,10s,20s,30s,40s,50s,60s,70s,80s,Over 90,Under 10,10s,20s,30s,40s,50s,60s,70s,80s,Over 90,Under 10,10s,20s,30s,40s,50s,60s,70s,80s,Over 90,Under 10,10s,20s,30s,40s,50s,60s,70s,80s,Over 90,Under 10,10s,20s,30s,40s,50s,60s,70s,80s,Over 90,Under 10,10s,20s,30s,40s,50s,60s,70s,80s,Over 90,Under 10,10s,20s,30s,40s,50s,60s,70s,80s,Over 90,Under 10,10s,20s,30s,40s,50s,60s,70s,80s,Over 90,Under 10,10s,20s,30s,40s,50s,60s,70s,80s,Over 90,Under 10,10s,20s,30s,40s,50s,60s,70s,80s,Over 90,Under 10,10s,20s,30s,40s,50s,60s,70s,80s,Over 90,Under 10,10s,20s,30s,40s,50s,60s,70s,80s,Over 90,Under 10,10s,20s,30s,40s,50s,60s,70s,80s,Over 90,Under 10,10s,20s,30s,40s,50s,60s,70s,80s,Over 90,Under 10,10s,20s,30s,40s,50s,60s,70s,80s,Over 90,Under 10,10s,20s,30s,40s,50s,60s,70s,80s,Over 90,Under 10,10s,20s,30s,40s,50s,60s,70s,80s,Over 90,Under 10,10s,20s,30s,40s,50s,60s,70s,80s,Over 90,Under 10,10s,20s,30s,40s,50s,60s,70s,80s,Over 90,Under 10,10s,20s,30s,40s,50s,60s,70s,80s,Over 90,Under 10,10s,20s,30s,40s,50s,60s,70s,80s,Over 90,Under 10,10s,20s,30s,40s,50s,60s,70s,80s,Over 90,Under 10,10s,20s,30s,40s,50s,60s,70s,80s,Over 90,Under 10,10s,20s,30s,40s,50s,60s,70s,80s,Over 90,Under 10,10s,20s,30s,40s,50s,60s,70s,80s,Over 90,Under 10,10s,20s,30s,40s,50s,60s,70s,80s,Over 90,Under 10,10s,20s,30s,40s,50s,60s,70s,80s,Over 90,Under 10,10s,20s,30s,40s,50s,60s,70s,80s,Over 90,Under 10,10s,20s,30s,40s,50s,60s,70s,80s,Over 90,Under 10,10s,20s,30s,40s,50s,60s,70s,80s,Over 90,Under 10,10s,20s,30s,40s,50s,60s,70s,80s,Over 90,Under 10,10s,20s,30s,40s,50s,60s,70s,80s,Over 90,Under 10,10s,20s,30s,40s,50s,60s,70s,80s,Over 90,Under 10,10s,20s,30s,40s,50s,60s,70s,80s,Over 90,Under 10,10s,20s,30s,40s,50s,60s,70s,80s,Over 90,Under 10,10s,20s,30s,40s,50s,60s,70s,80s,Over 90,Under 10,10s,20s,30s,40s,50s,60s,70s,80s,Over 90,Under 10,10s,20s,30s,40s,50s,60s,70s,80s,Over 90
2022/9/21~2022/9/27,46060,48872,40235,51678,53803,35324,20065,15008,9275,3837,2583,2553,1970,2702,2634,1712,1081,737,552,268,367,324,246,381,387,254,141,124,94,41,512,423,262,482,480,229,192,100,90,35,130,143,155,200,172,134,223,238,144,53,602,520,316,602,588,395,345,239,151,53,158,112,80,151,109,84,144,174,91,46,869,686,525,848,841,531,367,227,138,51,87,101,96,135,121,107,240,341,215,102,720,789,633,805,934,597,343,248,122,44,820,777,560,790,806,490,307,248,128,66,2912,3229,2687,3413,3690,2394,1079,785,425,160,2360,2735,2259,2787,2922,2041,955,614,339,122,4708,5633,6686,7141,7270,5177,2183,1482,849,298,2365,2607,2723,3020,3246,2397,1161,1026,574,203,894,894,506,918,994,535,383,264,138,53,377,399,368,410,493,318,207,175,100,37,555,543,364,517,569,399,255,207,104,38,453,464,309,491,508,292,184,130,84,42,292,255,228,249,268,176,128,66,46,14,765,747,491,733,817,476,275,214,103,77,867,813,685,899,930,634,358,292,154,84,1265,1091,913,1411,1364,885,533,335,213,60,3363,4105,2861,3823,3986,2700,1290,967,592,174,45,47,57,88,98,111,205,221,180,68,861,977,535,781,932,480,272,180,95,52,897,1099,879,973,1166,766,431,312,176,43,3831,4503,4509,4874,4840,3451,1650,1232,789,276,1709,1821,1166,1730,1834,1196,686,476,332,145,691,631,407,647,673,439,269,170,121,36,458,476,252,421,462,245,152,108,73,34,25,36,25,47,30,35,57,70,47,36,71,66,29,58,56,21,25,20,17,9,906,917,709,859,895,529,315,300,165,75,1546,1367,998,1475,1515,870,547,329,221,100,743,563,346,623,582,324,203,159,88,44,342,205,164,296,254,160,94,80,57,30,512,523,296,432,569,291,192,142,80,50,500,468,381,569,511,307,208,143,85,28,325,394,226,341,384,233,159,113,78,58,1779,1890,1567,1915,2021,1217,716,561,385,200,77,70,59,88,71,60,105,136,61,46,83,73,50,74,77,57,173,156,88,47,939,876,573,858,929,547,397,221,188,100,479,377,215,347,375,189,109,95,68,27,586,665,331,571,626,330,245,171,126,62,125,128,107,152,183,122,215,238,175,87,506,757,431,551,591,387,266,142,134,63
2022/9/28~2022/10/4,34101,39376,33187,36382,39213,28863,15943,11349,7053,2889,1981,2430,1839,2098,2335,1578,941,656,467,248,259,260,235,323,275,243,143,103,79,42,364,332,236,358,381,223,188,115,75,40,797,647,745,816,797,581,325,178,127,48,424,336,205,349,369,232,244,151,102,48,557,470,344,488,486,303,256,158,117,28,575,573,392,599,571,357,303,183,114,45,850,1148,825,946,1080,698,403,312,208,58,511,532,465,524,577,425,224,172,97,43,648,695,517,690,636,441,249,219,167,69,1705,2207,1829,1946,2085,1516,704,522,319,88,1124,1634,1551,1611,1700,1317,570,423,236,56,2913,3706,4825,4483,4733,3614,1615,1048,550,154,1884,2625,2689,2440,2799,2265,973,748,431,166,760,697,423,579,713,434,287,219,118,60,468,397,258,342,430,315,174,158,96,50,374,372,352,349,404,306,178,176,92,52,306,297,205,274,265,186,120,90,53,24,220,174,182,190,199,134,90,45,42,20,896,884,508,741,790,571,324,241,125,68,622,715,540,573,709,558,323,204,159,61,1079,1011,744,1000,1000,757,440,325,206,67,1800,2294,1842,2045,2278,1757,885,610,358,123,589,629,526,597,646,480,308,215,157,76,538,562,357,446,578,362,170,134,49,35,486,582,628,593,648,487,291,231,106,34,2403,2945,2795,2596,2670,2279,1027,816,535,169,1111,1468,1055,1166,1345,1030,547,419,272,99,324,414,267,293,308,247,179,102,82,29,331,353,171,261,246,183,132,80,35,10,161,271,165,187,208,127,95,66,39,19,231,268,146,219,223,125,111,76,52,44,620,753,548,588,576,354,239,167,118,43,1051,1180,859,1022,1122,784,412,310,209,125,479,508,294,403,392,276,181,122,74,41,232,185,115,176,173,119,76,57,44,26,240,309,195,215,279,169,134,72,62,37,335,327,262,280,291,214,120,96,46,23,145,192,133,124,176,123,74,73,38,24,1090,1162,1095,1131,1177,885,584,411,244,127,290,280,183,234,247,188,143,109,64,27,398,374,219,319,320,210,165,109,82,45,411,528,362,410,438,329,266,167,103,47,370,338,192,284,320,187,140,108,57,26,311,302,208,272,293,197,142,92,78,26,482,473,329,436,425,321,222,128,75,38,356,537,332,366,500,376,226,133,94,61
2022/10/5~2022/10/11,25111,29468,23061,26870,29215,20851,10827,7743,4951,2048,1675,1949,1335,1711,1935,1234,729,534,354,166,305,215,147,225,251,147,104,75,61,28,266,321,157,235,288,181,82,58,69,33,582,600,470,589,551,324,230,160,93,55,378,278,149,280,299,175,152,83,67,42,381,350,236,389,407,192,192,108,66,32,510,654,398,537,530,331,168,121,97,41,579,837,492,606,717,456,247,233,141,68,414,370,323,397,412,241,171,118,47,12,486,519,358,454,473,339,193,111,79,37,1255,1470,1323,1322,1545,1006,421,343,178,44,876,1157,1145,1074,1247,938,390,253,162,36,1771,2366,3198,3158,3235,2529,965,675,351,126,1317,1852,1783,1792,1936,1631,726,405,263,108,513,573,325,468,571,327,193,132,80,50,293,302,223,246,292,194,126,124,64,24,324,392,291,306,322,231,136,116,63,14,193,182,136,203,216,146,80,56,32,14,146,165,124,161,185,115,64,43,27,21,769,878,430,655,801,489,257,206,126,76,343,439,334,413,431,411,246,162,128,53,773,824,585,769,790,573,381,274,195,37,1101,1310,1178,1288,1363,1084,512,373,234,83,462,545,398,500,516,381,212,111,127,46,320,395,236,316,341,221,108,80,40,13,364,415,440,406,442,341,184,134,70,30,1568,2013,1798,1841,1939,1757,696,541,372,104,772,1097,692,846,963,794,414,319,228,87,260,405,193,210,302,183,101,61,50,13,269,324,157,240,234,128,83,61,36,9,130,173,132,131,153,117,74,59,40,18,220,178,123,180,182,108,77,45,43,24,599,656,391,488,452,280,168,120,84,30,1028,1123,739,961,1058,679,376,308,169,91,342,367,219,290,332,202,108,85,49,20,171,155,61,153,150,79,48,46,30,23,177,220,109,145,182,150,61,49,38,12,302,372,176,223,251,168,89,74,44,22,103,125,77,108,147,81,61,49,45,29,849,931,749,904,905,673,380,275,147,66,167,131,100,123,156,95,82,74,46,24,248,271,147,222,224,158,98,66,49,22,378,323,271,324,335,231,156,106,91,50,228,258,184,176,234,146,96,75,41,29,241,240,132,192,247,167,95,70,39,21,378,372,174,302,340,185,136,86,53,26,285,376,223,311,333,233,159,86,43,39
2022/10/12~2022/10/18,33089,42998,30692,36362,41141,28750,15720,11220,7169,3063,3028,3766,2271,2925,3392,2230,1258,913,667,398,478,452,241,393,408,254,149,112,93,49,423,681,227,380,469,254,162,104,67,46,763,910,655,834,881,490,318,242,152,62,570,688,249,504,580,298,281,195,149,94,831,973,404,665,699,415,310,195,128,102,650,978,477,672,783,563,354,245,168,60,629,845,548,727,783,524,331,196,162,72,553,659,473,557,641,400,237,165,73,18,625,876,506,561,709,482,235,182,118,48,1518,1931,1559,1682,2012,1419,668,430,253,108,1067,1515,1395,1438,1640,1187,525,391,244,79,2389,3187,4099,4085,4224,3324,1452,933,533,144,1427,1972,2076,2006,2366,1950,830,587,322,99,847,1004,507,707,813,502,290,207,114,47,476,523,276,388,493,329,222,159,114,66,426,543,400,396,526,311,203,196,109,36,226,265,198,272,287,203,110,97,57,43,251,353,200,275,288,192,106,55,77,34,919,1183,546,851,1146,650,415,307,210,138,564,821,554,726,812,702,422,318,179,67,921,1111,738,954,993,705,446,303,177,49,1421,1986,1629,1820,1980,1512,727,586,332,110,441,598,376,448,555,332,198,174,117,46,514,656,365,460,550,307,186,116,65,20,429,630,550,454,576,446,227,163,96,32,2003,3150,2682,2715,2983,2466,1067,899,557,153,899,1404,1033,1037,1255,1036,523,406,263,72,286,463,268,288,423,311,150,118,106,42,360,435,228,326,415,242,128,96,70,35,166,244,124,189,226,128,104,70,59,21,359,314,171,290,274,162,129,59,43,20,931,866,516,802,778,421,272,210,95,48,900,1154,723,926,1087,664,431,318,201,73,470,509,302,388,461,295,177,123,73,35,194,249,75,166,203,115,112,63,59,30,366,423,217,272,304,184,96,77,50,21,298,538,226,314,349,211,136,106,60,24,165,150,83,167,170,131,82,62,55,34,1000,1213,997,1125,1210,786,512,363,213,112,249,239,129,194,221,173,117,86,79,48,280,372,205,295,320,223,134,79,46,28,541,681,327,475,553,346,236,141,100,55,308,412,222,280,315,217,159,84,56,27,280,295,188,266,250,177,158,85,55,40,332,400,225,360,344,227,169,116,100,51,316,381,232,307,394,254,166,88,53,27
2022/10/19~2022/10/25,29998,43253,29483,34338,39549,28140,15477,11179,6759,2853,3425,4560,2442,3154,3834,2521,1476,1014,744,379,431,503,207,369,414,253,170,133,98,45,490,661,264,448,549,306,231,163,79,29,707,1196,613,753,870,494,324,206,144,83,465,603,241,418,517,312,275,180,115,40,748,1070,356,736,811,432,287,212,146,62,626,942,464,655,714,490,359,233,145,66,595,697,523,652,788,473,309,224,128,91,424,675,373,552,525,379,197,176,84,28,549,926,417,518,649,426,241,201,109,43,1250,1783,1549,1633,1892,1368,607,464,251,97,953,1503,1228,1326,1503,1246,579,381,197,65,2180,2908,3779,3809,4031,3204,1380,957,556,189,1420,2096,1935,1905,2301,1767,797,584,333,109,591,875,479,650,745,459,314,186,119,60,391,602,231,315,494,284,186,170,76,37,374,642,292,375,458,276,133,125,78,34,190,222,178,232,243,160,132,101,62,28,215,321,202,209,262,191,115,71,38,14,855,1081,570,816,986,697,437,345,255,133,421,949,484,508,730,590,308,299,164,76,810,1074,683,959,1004,700,426,297,162,56,1203,1986,1570,1632,1918,1469,626,510,259,98,462,640,344,454,496,382,216,128,104,31,389,490,360,373,458,313,165,117,64,29,308,590,469,427,480,426,207,150,74,32,1695,2519,2561,2431,2575,2233,1075,759,479,141,1061,1632,1225,1278,1481,1090,632,428,250,53,262,418,229,259,367,314,174,139,73,38,279,552,245,261,332,280,131,86,83,39,183,238,153,191,210,162,97,91,49,23,278,286,152,257,292,147,106,87,45,18,653,797,524,604,671,416,259,181,118,41,1043,1519,721,971,1196,742,440,329,161,74,423,562,316,373,495,309,189,131,78,35,110,137,89,125,156,87,69,57,21,5,320,589,268,308,398,247,105,97,58,11,364,623,334,373,446,250,152,103,46,13,145,158,111,115,155,108,78,49,30,22,816,1174,886,962,1135,782,506,356,202,125,214,201,151,197,218,139,120,89,53,24,238,344,181,260,258,153,133,70,56,16,437,605,316,454,454,315,221,138,119,62,250,394,222,241,303,192,114,107,68,33,276,298,184,273,241,173,137,93,64,51,285,308,156,269,246,190,111,77,51,29,194,304,206,258,248,193,131,85,71,46
2022/10/26~2022/11/1,37318,57624,36886,42436,49635,35040,18998,14067,9105,4120,4876,6870,3334,4530,5495,3369,1852,1419,1090,579,647,712,349,505,613,358,230,199,183,84,667,866,423,627,727,383,299,188,143,81,1107,1539,933,1087,1283,783,395,311,177,105,568,781,318,515,638,426,290,242,217,123,821,1128,515,771,986,570,464,326,306,111,801,1367,606,888,1040,660,434,293,182,100,635,1196,695,769,945,591,332,292,164,73,725,1068,501,635,727,440,254,269,120,64,686,1291,480,671,831,499,318,193,138,87,1571,2672,1997,2169,2375,1749,865,578,334,105,1100,1829,1415,1560,1928,1515,684,496,335,103,2534,3855,4602,4680,4912,3878,1674,1095,655,267,1915,2885,2557,2454,2991,2402,1048,699,445,165,968,1478,711,894,1099,671,346,299,159,77,491,832,298,435,612,343,196,178,65,34,462,782,385,484,581,387,219,167,85,41,226,264,200,263,281,187,135,115,73,38,289,568,295,338,374,281,169,109,46,27,1222,1806,946,1135,1506,912,554,461,306,211,577,1080,561,747,880,685,447,349,253,104,826,1271,801,1024,1079,769,447,330,256,76,1746,3136,2138,2239,2568,1775,890,719,409,137,482,860,379,482,556,421,215,173,98,27,530,699,397,487,595,398,184,144,82,31,357,800,641,551,676,509,258,231,160,67,1790,2763,2779,2560,2761,2631,1152,952,602,170,1042,1920,1242,1289,1625,1313,801,511,264,119,339,503,324,326,403,353,204,172,77,26,297,608,279,288,383,284,143,114,78,31,295,305,200,220,233,172,139,88,64,27,363,325,177,309,315,198,142,98,71,50,630,842,584,650,717,419,279,157,112,43,1222,1831,863,1152,1478,923,537,431,244,118,560,658,346,448,529,320,179,166,82,59,138,268,114,118,181,118,85,55,38,25,381,749,310,392,480,316,181,145,127,66,385,671,384,418,500,349,208,127,82,35,117,207,101,118,178,116,76,49,48,17,959,1464,1143,1068,1233,892,494,335,186,141,207,264,149,193,222,161,143,72,52,30,327,629,227,354,393,278,154,90,75,41,449,667,364,519,532,424,287,195,153,64,268,359,220,265,309,191,135,111,73,46,245,342,167,262,282,188,145,112,59,29,270,329,227,256,300,213,158,109,80,42,205,285,209,291,283,220,157,103,57,24
2022/11/2~2022/11/8,48687,78741,54543,60542,69409,49216,26684,19600,12917,6027,6091,8105,4814,6359,7390,4657,2615,1977,1489,921,821,902,456,708,797,473,285,234,156,86,760,1020,569,876,917,507,368,194,193,119,1602,2767,1703,1835,2058,1216,733,483,290,156,714,1063,383,691,859,529,427,302,235,133,969,1361,795,1103,1125,766,592,465,266,141,1201,2172,1151,1377,1524,1001,615,455,275,145,935,1661,994,1175,1313,941,545,364,199,84,881,1511,734,988,1162,698,410,291,199,93,939,1569,784,981,1225,751,448,347,271,140,2126,4070,3121,3009,3677,2660,1132,880,505,155,1377,2468,2269,2201,2507,1976,859,656,379,158,3503,6034,7691,6889,7395,5691,2391,1531,1014,368,2779,4271,3946,3682,4333,3571,1524,1050,701,259,1286,1967,1028,1397,1640,978,581,468,273,114,530,851,415,555,717,527,284,213,158,47,537,977,488,622,719,485,334,250,149,38,326,536,319,397,418,316,245,139,96,59,454,715,397,476,539,427,259,163,94,55,1834,2938,1369,1757,2332,1515,907,672,498,287,898,1500,927,1042,1293,941,611,483,341,132,1128,1893,1171,1432,1611,1137,710,570,379,170,2916,4913,3161,3460,4129,2900,1438,1174,642,209,607,1135,584,707,828,633,346,254,171,78,626,932,598,652,797,465,281,177,117,51,491,1037,939,750,958,814,395,299,216,97,2084,3427,3653,3362,3386,3144,1468,1078,687,212,1229,2419,1534,1743,1950,1565,803,683,482,192,411,556,407,424,524,422,251,190,128,51,376,742,330,423,494,353,209,185,110,42,272,443,211,312,383,241,206,141,90,37,430,602,274,365,459,274,200,140,103,48,740,1150,815,863,861,601,404,323,201,125,1536,2680,1411,1800,2022,1364,748,575,345,236,651,1021,452,602,678,393,287,210,142,57,297,434,196,255,296,186,110,71,51,32,453,749,367,468,645,393,235,193,144,71,486,785,462,557,687,405,237,177,100,47,109,315,128,145,204,132,89,69,41,26,1094,1727,1467,1500,1589,1168,694,497,274,198,213,400,255,291,348,234,159,118,92,46,385,691,329,419,491,315,207,152,120,56,447,816,498,597,712,454,351,244,155,90,349,397,285,372,365,285,193,133,95,39,283,401,199,323,348,242,187,129,116,62,250,332,221,336,374,232,170,122,65,34,261,286,243,264,330,238,141,79,70,31
2022/11/9~2022/11/15,61055,89999,69654,73411,84741,62277,35222,26884,17613,8145,7267,9704,6183,7489,9079,6067,3617,2787,2190,1188,1003,1126,588,836,999,601,396,312,275,168,1024,1200,736,949,1026,660,452,307,229,157,2128,2994,2193,2358,2708,1701,1073,735,448,224,825,1272,503,795,1034,669,596,403,273,141,1259,1518,908,1244,1401,921,717,579,350,160,1777,2319,1295,1752,1913,1332,929,693,447,200,1271,2258,1434,1626,1908,1351,772,568,414,199,1212,1792,1015,1217,1452,880,535,443,245,100,1106,1631,1173,1184,1473,1003,581,455,374,206,2710,4438,3864,3817,4453,3566,1658,1360,726,235,1904,2973,3036,2779,3206,2469,1161,880,497,187,4671,7200,10106,8857,9097,7573,3356,2298,1396,488,3468,5346,5105,4622,5528,4576,2023,1474,938,336,1769,2306,1257,1623,1996,1255,871,641,399,218,642,825,582,677,832,527,390,324,178,104,782,1045,625,776,867,587,383,319,172,86,429,766,459,491,595,442,273,257,167,107,649,884,530,697,760,552,417,255,189,100,2161,3285,1691,2149,2753,1824,1214,934,601,368,1297,1796,1190,1314,1620,1241,735,642,515,242,1465,1948,1493,1763,1905,1312,852,691,402,162,3590,5585,4122,4274,4854,3716,1791,1469,809,276,772,1209,702,871,999,728,419,315,277,120,669,1039,625,700,835,559,338,265,156,64,587,1144,1084,847,1041,863,427,391,280,88,2456,3769,4035,3589,3986,3616,1701,1304,927,270,1496,2489,1911,1857,2228,1791,1030,773,436,178,439,624,455,462,566,484,275,215,139,68,392,668,418,436,552,394,261,215,143,53,297,442,216,332,418,272,220,158,88,73,526,658,331,531,576,373,286,190,162,145,956,1363,1144,1062,1165,796,474,401,321,156,1871,3002,1920,2129,2523,1678,1024,843,555,241,613,882,503,576,797,462,303,248,169,70,269,505,224,336,410,246,197,123,88,49,457,690,457,528,610,379,241,208,128,73,565,803,602,647,778,556,355,256,174,83,214,358,213,236,340,194,139,98,69,33,1379,2115,2121,1931,2029,1512,992,782,392,270,370,544,330,397,439,309,223,157,133,80,489,612,391,482,563,402,260,199,133,79,559,1058,673,727,818,582,381,303,190,104,376,544,361,457,499,402,284,193,134,52,382,441,256,334,423,292,204,160,124,65,280,511,308,347,396,302,227,153,97,48,232,318,286,308,291,260,169,108,64,31
2022/11/16~2022/11/22,77374,98530,76597,87504,99080,71536,42857,32394,21057,9609,7711,9427,6560,8108,9788,6579,3945,3064,2437,1404,1336,1336,867,1104,1174,842,612,440,396,182,1294,1729,797,1229,1396,802,572,358,272,144,3085,3282,2578,2993,3384,1986,1321,893,563,307,993,1351,622,1005,1260,776,660,452,292,136,1334,1588,935,1385,1537,962,825,632,442,215,2446,2447,1443,2290,2280,1412,1142,867,559,301,1598,2397,1587,1848,2172,1446,902,668,372,185,1665,2013,1280,1554,1850,1173,739,523,281,118,1704,1914,1353,1594,1771,1280,779,610,447,267,3691,5124,4403,4652,5433,4264,2134,1541,890,267,2603,3853,3523,3533,3982,2901,1555,1195,657,209,6068,8016,10657,10251,10696,8259,3916,2809,1577,523,4481,6128,5508,5587,6557,5400,2538,1869,1222,434,2357,2578,1483,2133,2414,1407,1050,806,535,268,948,1086,630,820,999,715,447,440,292,142,904,1170,757,927,1089,687,494,406,232,96,668,781,455,610,678,488,376,256,144,80,755,957,705,835,938,671,447,298,229,127,2588,3159,1762,2396,2944,1995,1414,1180,799,425,1631,1931,1376,1603,1916,1473,957,840,571,244,1650,2246,1587,1957,2086,1552,1017,697,411,192,4994,6597,4979,5599,6360,4554,2346,1922,1130,365,1009,1386,929,1062,1274,842,557,486,254,129,952,1122,729,865,891,650,394,291,180,59,721,1251,1326,1055,1190,1107,586,520,338,112,3044,4115,4197,4183,4544,3947,2028,1452,939,284,1794,2412,1894,2145,2530,2054,1161,879,566,251,618,831,600,602,752,601,390,265,186,75,487,701,434,490,546,417,254,214,184,97,547,474,287,407,449,314,257,161,88,69,686,575,373,552,586,365,287,188,138,74,1237,1698,1240,1272,1463,954,650,474,357,173,2358,3072,2004,2563,2784,2024,1258,968,715,420,674,717,479,621,674,490,313,249,170,85,277,456,247,349,396,224,184,170,117,62,517,699,420,561,641,436,304,264,196,92,630,803,587,706,783,529,394,309,243,137,307,392,198,263,378,239,159,119,83,38,1757,2383,2144,2239,2478,1823,1181,958,429,280,414,581,384,486,541,386,331,281,210,110,493,599,359,509,580,437,334,208,130,76,741,1041,713,844,908,672,537,382,258,122,533,739,343,539,648,420,357,262,201,91,478,455,265,423,479,319,268,193,114,45,369,589,310,425,541,355,259,196,113,63,227,329,288,330,320,307,226,139,98,34
2022/11/23~2022/11/29,86151,106126,89210,104627,116228,82287,50497,38530,25498,11629,6718,7409,6004,7687,8924,6152,4158,3186,2635,1500,1416,1492,917,1333,1537,852,707,465,372,172,1485,1826,979,1442,1675,940,772,532,514,344,3485,3633,2881,3666,3936,2445,1555,1072,686,327,1084,1034,717,1143,1322,884,810,592,430,252,1166,1507,999,1457,1583,1057,907,696,410,233,2464,2411,1753,2641,2641,1680,1290,902,698,376,1904,2327,1769,2312,2485,1690,1091,867,558,285,1878,2179,1548,2098,2279,1386,923,684,354,149,1960,2150,1581,1999,2232,1459,879,704,472,189,4058,5858,5062,5511,6414,4758,2383,1849,1188,402,3639,4768,4323,4685,5136,3790,1838,1454,830,297,7242,9768,12675,12574,13210,9806,4586,3347,1913,666,5117,6628,6454,6854,7795,6205,2978,2122,1372,516,2646,2830,1747,2681,2981,1700,1259,965,639,289,1051,1233,760,988,1226,797,546,519,308,171,940,1186,959,1134,1158,786,570,462,285,153,748,865,629,833,849,617,409,368,189,101,738,882,717,870,994,741,440,352,280,155,2787,2984,1877,2625,3347,2121,1492,1267,819,490,1693,2266,1539,1888,2339,1641,1142,1014,631,314,2061,2641,1843,2294,2616,1781,1168,874,586,259,5824,7237,6308,6798,7536,5455,3075,2390,1425,475,1213,1607,1167,1261,1549,1095,656,539,347,147,1155,1296,953,1217,1364,852,576,400,340,161,879,1580,1645,1334,1548,1327,767,648,473,156,3292,4483,5205,5161,5375,4689,2514,1889,1287,324,2115,2933,2499,2637,3065,2560,1486,1093,689,251,628,979,663,752,910,739,450,377,326,128,567,812,457,616,700,485,314,267,192,88,613,628,365,515,607,333,267,201,148,96,727,657,431,678,685,445,382,299,176,98,1488,1870,1369,1653,1744,1124,786,626,450,201,2532,3257,2250,2911,3180,2093,1439,1075,780,425,783,815,525,754,768,530,422,350,207,82,325,470,299,390,405,270,180,147,110,76,530,652,508,643,804,507,375,308,189,107,776,911,717,894,935,725,496,291,234,149,441,431,303,423,492,334,219,174,125,74,2100,2702,2459,2862,2965,2106,1389,1091,577,361,554,699,472,571,657,438,396,385,196,94,562,737,455,594,689,505,354,313,154,42,842,1125,750,989,1098,785,635,428,356,164,615,783,543,673,835,503,448,333,203,104,557,594,379,548,570,326,334,223,131,94,444,649,366,511,624,376,320,204,103,49,309,342,389,527,444,397,314,186,111,43
2022/11/30~2022/12/6,92605,108467,98167,108314,119821,88003,53964,41052,27421,13041,5581,6141,5516,6548,7261,5560,3638,2935,2454,1405,1316,1305,898,1238,1430,1010,760,604,384,175,1423,1560,1034,1391,1535,962,728,522,488,312,3398,3529,2909,3539,3725,2280,1599,1198,665,358,1233,1018,753,1194,1323,912,897,714,584,391,1216,1370,1001,1333,1451,1044,841,683,381,172,2335,2550,1829,2424,2543,1643,1407,1037,786,419,2436,2592,2085,2492,2728,1944,1205,898,608,304,2139,2144,1612,2031,2368,1487,989,690,422,231,2070,2140,1745,2006,2360,1515,1010,821,550,286,5192,6734,6145,6376,7103,5438,2541,1898,1214,387,4247,5370,4925,5180,5753,4167,2163,1704,934,339,8408,10050,14337,13749,14220,10577,5076,3423,2182,613,5544,6715,7418,7245,8301,6694,3400,2441,1662,596,2816,2885,1765,2453,2813,1738,1297,1050,658,382,1119,1174,821,1066,1248,859,641,528,362,204,998,1138,1049,1032,1063,838,551,487,309,170,683,842,590,741,891,641,489,335,195,69,741,787,695,851,941,597,441,372,269,190,2363,2513,1736,2283,2810,1944,1394,1081,838,553,1983,2340,1612,1963,2292,1725,1174,998,665,296,2493,2870,2024,2578,2707,2007,1299,1044,643,335,5779,7243,6820,6924,7448,5763,3064,2552,1565,512,1272,1579,1140,1429,1660,1234,848,626,402,177,1032,1229,950,1105,1292,943,531,411,297,156,1058,1885,1736,1523,1765,1507,839,728,440,204,3474,5056,5991,5571,6117,5227,2727,2059,1366,523,2520,3310,3102,3104,3713,2991,1783,1360,832,344,770,1067,787,891,967,824,532,425,355,194,530,699,498,589,732,486,325,265,223,113,813,711,406,651,719,417,361,251,135,73,744,618,442,616,707,433,405,291,187,110,1538,1679,1426,1658,1725,1249,769,588,450,252,2563,3055,2240,2750,3225,2294,1452,1171,863,513,826,787,654,803,857,601,492,288,222,156,459,538,352,470,538,308,237,156,103,68,614,772,536,684,839,565,420,351,208,78,967,1139,891,1015,1134,773,493,347,234,143,511,480,401,489,556,396,267,185,112,77,2637,3311,3152,3183,3459,2473,1672,1268,662,369,632,717,564,654,766,544,482,376,234,113,799,858,569,697,763,513,374,273,146,54,1145,1318,949,1243,1302,942,811,540,390,217,658,828,609,788,841,579,405,341,228,107,647,628,448,598,599,388,391,282,220,128,516,726,456,603,635,457,359,244,136,96,367,467,549,563,596,514,385,211,158,77
2022/12/7~2022/12/13,118110,138783,114180,131714,142140,103026,62466,45753,32132,15466,5155,5665,4489,5552,6379,4563,3079,2488,1885,1031,1585,1691,946,1468,1592,1111,833,752,528,299,1633,1642,1094,1526,1591,1011,796,512,476,332,3805,3823,2983,3779,3917,2380,1689,1090,766,361,1259,1119,779,1272,1342,967,924,605,535,324,1459,1303,919,1419,1451,956,787,568,390,169,2849,2965,1907,2786,2705,1849,1499,1075,854,467,3181,3298,2202,3123,3236,2002,1368,1037,669,303,2554,2698,1739,2393,2540,1597,1136,784,500,209,2444,2698,1913,2398,2491,1727,1099,919,725,391,6489,8351,6795,7550,8384,5989,3089,2218,1427,517,5698,6484,5757,6474,6996,4816,2512,1948,1219,463,10981,11526,16319,16313,16101,12489,5674,3609,2367,791,7045,7750,8337,8606,9497,7555,3720,2653,1741,692,3635,3675,1902,2894,3369,1907,1460,1002,714,369,1274,1406,960,1155,1409,981,628,593,416,237,1297,1414,1109,1328,1396,925,626,508,368,177,859,1166,646,884,1062,703,497,404,270,89,922,987,776,902,972,663,457,301,282,177,2577,2357,1685,2280,2549,1792,1302,984,722,510,2433,2778,1963,2451,2921,2081,1356,1091,735,369,2994,3468,2373,3115,3370,2403,1568,1176,857,472,7057,9008,7888,8153,8714,6730,3584,2645,1709,591,1579,2054,1443,1704,1897,1412,912,709,520,252,1320,2016,1280,1523,1623,1151,659,528,355,173,1422,2586,2270,1956,2337,1883,1058,909,620,300,4631,6476,7712,7277,8044,6975,3472,2689,1811,630,3545,5081,3968,4112,4789,3945,2322,1615,1162,427,1084,1457,1086,1131,1346,1080,723,516,468,258,830,1014,694,871,950,653,479,397,362,178,1065,1065,554,855,918,613,435,296,202,152,1054,979,646,839,881,572,443,252,227,160,2012,2158,1751,2068,2329,1581,979,737,593,333,3438,4171,2938,3807,3985,2623,1696,1317,963,533,1197,1302,873,1186,1240,813,584,445,389,220,683,750,431,632,760,493,412,306,204,124,830,1050,733,948,1029,766,553,478,282,159,1631,2062,1197,1608,1718,1136,761,544,326,139,686,841,497,657,757,469,321,217,214,123,4319,5988,4588,4967,5230,3593,2343,1758,1056,613,1092,1491,844,1042,1084,782,659,461,328,165,1091,1598,806,1046,1141,883,599,385,295,148,1977,2380,1562,2041,2074,1537,1212,848,584,391,997,1456,920,1107,1250,899,644,479,373,253,1037,1402,698,1025,1158,784,643,409,300,223,900,1550,648,848,907,620,462,253,170,76,505,584,560,643,709,566,412,243,173,96
2022/12/14~2022/12/20,135489,163957,136295,157156,171356,122966,72772,52657,36215,17397,4288,5280,4363,5260,5893,4499,2941,2262,1882,1100,1528,1792,1002,1455,1726,1130,907,691,489,230,1875,1877,1130,1702,1847,1218,873,577,569,363,3730,3665,3079,3871,3760,2404,1648,1089,767,373,1101,1222,686,1032,1254,826,690,533,448,277,1218,1368,784,1280,1357,858,756,512,319,135,2539,2970,1887,2797,2903,1868,1491,1052,801,403,3771,4177,2795,3724,4013,2587,1624,1230,848,442,2767,2936,2007,2823,2939,1860,1202,843,601,305,2530,3023,2063,2617,2944,1985,1237,922,745,443,7487,8998,8019,9064,10185,7015,3517,2448,1507,560,6754,7333,6647,7971,8366,5765,3177,2142,1326,515,12607,12932,18998,19290,19133,14368,6535,4428,2647,959,8197,9172,9927,10382,11166,9167,4399,3025,1931,733,3398,3530,1912,2995,3351,1914,1345,1063,623,332,1316,1496,928,1148,1475,1000,592,515,404,257,1270,1511,1131,1405,1535,1023,608,492,362,180,1115,1391,720,1003,1179,733,607,399,230,109,972,1128,851,980,1088,803,581,401,298,207,2741,2486,1706,2324,2570,1875,1270,977,804,509,2801,3380,2528,2884,3269,2365,1526,1184,826,397,3718,4496,3238,4030,4540,3280,1968,1524,1066,508,8463,11086,9203,9667,10346,7769,4019,3070,1875,656,2228,2884,1870,2348,2613,1799,1149,917,646,323,1424,2237,1464,1645,1946,1364,787,523,349,172,1848,2837,2771,2559,2912,2220,1266,944,670,273,5887,7799,9711,9227,9809,8405,4155,3191,2232,782,4491,6125,4981,5372,6478,5081,2951,2179,1508,619,1357,1690,1168,1398,1649,1296,752,615,472,239,1064,1399,879,1127,1242,873,569,431,338,204,1235,1231,740,984,1167,674,581,306,203,130,1362,1434,758,1125,1205,703,571,438,289,186,2261,2962,2316,2560,2801,2065,1185,875,679,364,3876,4694,3630,4384,4890,3238,2091,1586,1246,666,1613,2169,1196,1544,1875,1194,797,594,388,179,803,986,571,826,1014,685,481,351,234,121,922,1527,962,1143,1330,1007,662,552,381,214,1903,2714,1524,2008,2379,1624,975,687,444,291,713,1046,651,781,1010,681,412,262,232,126,6170,8302,6748,7423,7845,5283,3425,2446,1499,893,1395,2005,1169,1471,1526,1049,818,613,494,268,1299,2053,1283,1454,1708,1289,844,550,375,172,2737,3765,2421,2989,3273,2332,1894,1292,820,464,1573,2166,1149,1546,1837,1205,903,653,564,249,1277,1801,1071,1381,1698,1132,842,591,422,256,1406,2193,989,1444,1587,882,713,411,222,139,459,689,669,713,723,573,436,271,140,74
2022/12/21~2022/12/27,143458,168668,156481,176622,189625,139034,81396,58730,40617,19174,3746,4433,4151,4629,5322,3948,2699,1999,1518,838,1435,1456,1016,1371,1591,1144,830,698,543,265,1677,1705,1035,1629,1785,1169,849,561,463,321,3137,3361,3083,3630,3733,2439,1613,1034,755,394,886,903,580,932,1061,690,662,494,418,291,970,1071,756,1113,1125,778,573,430,307,160,2465,2358,1820,2508,2531,1725,1434,898,659,387,3670,4043,3209,3901,4408,2855,1736,1301,885,400,2212,2597,2028,2642,2747,1804,1186,866,638,412,2555,2781,2281,2668,3020,2056,1272,1031,754,374,7457,8879,8918,9772,10522,7878,3926,2595,1630,506,6447,7289,7447,8632,8962,6588,3261,2402,1572,600,12162,12754,21588,22017,21153,16127,7456,4771,2954,981,8082,9037,10949,11114,12046,9976,4885,3353,2245,871,3086,2808,1857,2842,3026,1868,1314,999,803,499,1247,1358,1024,1258,1434,940,593,455,329,194,1232,1513,1139,1355,1462,1018,631,434,249,141,1155,1763,826,1134,1296,905,571,508,259,184,980,1182,921,1077,1125,840,557,398,307,171,2615,2541,1778,2292,2587,1802,1161,930,712,472,3372,3888,2707,3397,3809,2588,1733,1193,884,393,4212,4926,4020,4842,5337,3913,2337,1887,1319,632,10045,10931,10525,11621,11877,8549,4471,3331,2098,838,2640,3111,2386,2936,3090,2264,1437,1149,880,377,1703,2102,1714,1863,2185,1595,901,632,455,230,2069,2718,3058,2813,3064,2539,1404,1141,695,293,6974,8670,11422,11140,11700,10103,4908,3770,2691,877,5190,7141,5820,6543,7272,6088,3498,2607,1891,744,1491,1675,1539,1625,1895,1564,977,703,547,276,1419,1747,1174,1496,1647,1134,710,522,334,165,1480,1312,895,1137,1272,747,589,400,262,120,1230,1611,896,1244,1405,861,659,430,326,234,2536,3384,2881,2968,3398,2388,1505,1015,865,488,4159,5600,4497,4897,5524,3812,2297,1834,1140,654,2009,2924,1725,2091,2519,1681,1032,767,538,328,948,1083,797,992,1158,751,513,386,280,152,1218,1878,1242,1456,1776,1281,877,721,543,289,2225,2793,1988,2523,2825,1959,1227,864,595,307,718,1062,737,874,1095,769,535,392,333,200,7686,9642,8537,9154,9746,6709,4291,3183,1992,1049,1477,1890,1316,1649,1848,1217,984,762,567,250,1706,2111,1546,1855,2055,1478,1086,753,519,267,3300,3918,2963,3832,4143,2988,2238,1487,1063,574,1852,2516,1614,2045,2374,1581,1139,869,569,275,1799,2464,1491,1924,2245,1539,1216,843,565,299,2083,2883,1645,2155,2463,1614,1112,656,484,325,701,856,940,1034,967,772,511,276,182,77
2022/12/28~2023/1/3,95115,112752,135859,144336,153559,114853,66304,47247,33589,15973,2045,2621,3195,3334,3684,2874,1850,1414,1082,599,717,770,796,987,1102,735,545,344,323,172,784,803,867,1153,1119,776,551,350,381,217,1873,2149,2637,2857,2895,1885,1318,792,570,260,397,487,468,616,673,461,399,300,259,136,556,655,640,824,881,515,449,274,200,100,1331,1536,1618,1914,1995,1276,985,681,480,305,2500,2958,2991,3362,3787,2581,1550,1145,746,367,1251,1733,1764,2054,2145,1496,932,694,550,238,1604,1723,1828,2013,2058,1536,863,793,566,376,3850,5186,7370,7123,7779,6067,2992,1971,1356,431,3764,4558,5998,6550,6841,5010,2410,1777,1165,418,6854,8252,17193,16929,16220,13108,5650,3689,2081,714,4949,5850,9038,8624,9314,8002,3751,2490,1707,669,1626,1498,1438,1801,2018,1211,810,675,442,278,602,734,771,869,1024,707,387,306,227,141,667,855,968,1125,1217,884,520,343,241,164,762,956,758,885,1057,743,504,369,226,107,745,983,945,994,1057,740,523,341,265,150,1885,2004,1675,2010,2286,1531,958,736,552,286,2309,2711,2342,2701,2957,2123,1283,955,699,340,3423,4105,4078,4588,5058,3781,2460,1877,1343,710,6344,6964,8206,8640,8696,6662,3416,2497,1787,625,2292,2517,2399,2736,2957,2182,1344,993,793,404,1055,1177,1353,1446,1504,1082,635,403,253,116,1358,1863,2683,2351,2678,2095,1210,969,747,397,5014,6088,10294,9599,9731,8595,4060,2941,2035,737,4041,5187,5319,5825,6411,5179,2923,2249,1565,646,963,1011,1304,1232,1409,1207,668,504,344,155,1230,1350,1291,1552,1626,1181,718,571,397,191,977,906,754,985,1112,637,500,334,256,136,841,861,764,950,1059,653,516,340,298,170,1731,2294,2583,2582,2766,2024,1270,908,747,350,3999,4726,4382,5085,5792,4105,2456,1776,1393,721,1652,2036,1929,2158,2425,1613,1014,731,512,275,597,841,730,807,891,671,468,304,253,173,960,1199,1198,1409,1609,1123,739,581,395,232,1577,1798,1825,2000,2333,1560,1038,749,557,290,571,670,756,807,1023,736,426,326,298,205,5187,6040,6983,7427,8006,5441,3531,2609,1775,901,1092,1195,1253,1481,1558,1022,951,608,512,274,1379,1519,1492,1678,1850,1344,954,689,530,287,2092,2212,2403,2801,2908,2125,1661,1227,848,502,1724,2011,1736,2031,2063,1463,1107,762,481,246,1598,1869,1771,2056,2299,1616,1210,832,573,359,1761,2423,1950,2236,2470,1554,1145,723,561,323,586,868,1123,1149,1216,941,654,305,218,80
2023/1/4~2023/1/10,95257,114390,222071,183551,180411,158523,92252,66930,45026,19678,1774,2153,4908,3714,4095,3651,2083,1615,1215,591,659,655,1438,1178,1219,1108,755,486,367,182,678,704,1540,1169,1199,962,641,453,430,243,1721,1912,3892,3035,3016,2366,1404,907,614,294,341,393,947,696,819,663,513,353,312,183,487,662,1214,935,938,740,556,363,230,113,1296,1577,2912,2399,2234,1904,1289,863,555,330,2014,2476,4652,3961,3981,3215,1824,1412,913,445,1388,1666,3182,2663,2515,2033,1200,924,522,234,1477,1833,3439,2546,2668,2242,1387,1026,696,324,3864,5175,10869,8909,8744,7801,3857,2699,1705,536,3722,4793,9039,7969,7871,6851,3519,2531,1700,556,6268,7970,22370,18631,16746,15001,6872,4610,2968,983,4420,5503,12391,10208,9778,9749,4672,3410,2318,855,1482,1439,2884,2382,2255,1751,1082,803,533,257,568,710,1599,1100,1220,975,587,430,291,141,790,971,2189,1653,1689,1245,801,569,449,179,676,753,1400,1132,1110,964,706,521,297,147,858,1060,1612,1310,1281,1236,740,510,363,192,1623,1788,3264,2699,2584,2206,1477,1106,673,340,2272,2808,4106,3522,3705,3204,1922,1415,959,364,3866,4816,8353,7017,6979,5961,3615,2541,1741,763,6394,7206,13557,11280,10235,9263,4804,3665,2320,741,2132,2383,3982,3490,3322,2945,1833,1429,1000,477,1159,1292,2235,2000,1874,1609,893,604,462,204,1435,1831,3892,2869,3003,2784,1594,1244,936,386,5785,6818,16061,13138,12002,12005,5977,4274,2911,999,4334,5271,9083,8082,7961,7638,4323,3308,2124,1032,916,1161,2032,1664,1765,1747,1046,848,596,255,1237,1334,2026,1911,1893,1692,1085,745,578,262,867,963,1467,1255,1247,962,700,446,275,149,731,749,1373,1141,1220,894,706,525,378,196,1985,2514,4813,3628,3782,3174,1956,1404,997,458,3341,4284,7544,6140,6343,5495,3259,2545,1719,843,1950,2282,3603,2908,3197,2589,1737,1303,772,340,765,938,1577,1248,1355,1131,732,547,335,165,1038,1234,2248,1841,1925,1628,1003,803,549,277,1905,2140,3181,2667,2881,2246,1426,1147,711,364,615,793,1378,1099,1153,1069,610,524,426,248,5557,6027,12165,10313,9994,8048,5282,4071,2446,1171,1246,1466,2418,1896,1937,1641,1343,910,638,310,1307,1669,2877,2338,2328,2180,1541,1080,791,384,2041,2554,4350,3627,3789,3239,2489,1669,1353,748,1573,1772,2654,2289,2497,2041,1486,1158,727,323,1748,2169,3198,2803,3117,2527,1963,1387,896,490,2102,2548,3969,3402,3338,2756,2070,1234,917,463,850,1175,2188,1694,1607,1392,892,513,318,141
