2020/1/16,1.0000
2020/1/17,0.5000
2020/1/18,0.3333
2020/1/19,0.2500
2020/1/20,0.2000
2020/1/21,0.1667
2020/1/22,0.1429
2020/1/23,0.0000
2020/1/24,0.1429
2020/1/25,0.2857
2020/1/26,0.4286
2020/1/27,0.4286
2020/1/28,0.8571
2020/1/29,1.0000
2020/1/30,1.5714
2020/1/31,1.4286
2020/2/1,1.2857
2020/2/2,1.1429
2020/2/3,1.1429
2020/2/4,0.8571
2020/2/5,1.0000
2020/2/6,0.4286
2020/2/7,0.4286
2020/2/8,0.4286
2020/2/9,0.4286
2020/2/10,0.4286
2020/2/11,0.4286
2020/2/12,0.2857
2020/2/13,0.7143
2020/2/14,1.4286
2020/2/15,2.0000
2020/2/16,2.1429
2020/2/17,3.0000
2020/2/18,4.0000
2020/2/19,5.1429
2020/2/20,5.8571
2020/2/21,7.0000
2020/2/22,9.7143
2020/2/23,11.0000
2020/2/24,12.4286
2020/2/25,12.4286
2020/2/26,14.2857
2020/2/27,16.5714
2020/2/28,17.4286
2020/2/29,15.4286
2020/3/1,16.0000
2020/3/2,15.7143
2020/3/3,17.7143
2020/3/4,19.4286
2020/3/5,20.7143
2020/3/6,25.7143
2020/3/7,30.7143
2020/3/8,33.7143
2020/3/9,35.5714
2020/3/10,41.0000
2020/3/11,43.5714
2020/3/12,46.7143
2020/3/13,43.8571
2020/3/14,46.4286
2020/3/15,45.5714
2020/3/16,44.0000
2020/3/17,41.8571
2020/3/18,40.0000
2020/3/19,37.7143
2020/3/20,40.2857
2020/3/21,36.4286
2020/3/22,38.7143
2020/3/23,42.0000
2020/3/24,48.2857
2020/3/25,56.0000
2020/3/26,63.7143
2020/3/27,70.0000
2020/3/28,96.7143
2020/3/29,111.8571
2020/3/30,117.7143
2020/3/31,137.4286
2020/4/1,160.8571
2020/4/2,187.7143
2020/4/3,224.4286
2020/4/4,244.8571
2020/4/5,272.7143
2020/4/6,296.7143
2020/4/7,316.4286
2020/4/8,354.2857
2020/4/9,396.1429
2020/4/10,437.1429
2020/4/11,477.0000
2020/4/12,497.0000
2020/4/13,516.8571
2020/4/14,528.4286
2020/4/15,532.7143
2020/4/16,530.4286
2020/4/17,520.7143
2020/4/18,511.1429
2020/4/19,495.5714
2020/4/20,489.7143
2020/4/21,481.5714
2020/4/22,466.4286
2020/4/23,449.4286
2020/4/24,431.1429
2020/4/25,401.7143
2020/4/26,379.8571
2020/4/27,356.4286
2020/4/28,340.7143
2020/4/29,308.0000
2020/4/30,274.1429
2020/5/1,251.0000
2020/5/2,239.1429
2020/5/3,235.0000
2020/5/4,234.8571
2020/5/5,212.0000
2020/5/6,195.8571
2020/5/7,182.2857
2020/5/8,154.5714
2020/5/9,128.8571
2020/5/10,110.4286
2020/5/11,92.8571
2020/5/12,88.2857
2020/5/13,81.2857
2020/5/14,80.1429
2020/5/15,75.4286
2020/5/16,68.0000
2020/5/17,62.7143
2020/5/18,58.7143
2020/5/19,50.8571
2020/5/20,48.2857
2020/5/21,40.5714
2020/5/22,37.0000
2020/5/23,33.2857
2020/5/24,34.8571
2020/5/25,33.7143
2020/5/26,33.0000
2020/5/27,33.0000
2020/5/28,35.4286
2020/5/29,40.1429
2020/5/30,42.4286
2020/5/31,41.4286
2020/6/1,43.4286
2020/6/2,46.8571
2020/6/3,45.2857
2020/6/4,42.8571
2020/6/5,39.7143
2020/6/6,39.5714
2020/6/7,39.4286
2020/6/8,37.4286
2020/6/9,34.4286
2020/6/10,35.8571
2020/6/11,35.1429
2020/6/12,37.4286
2020/6/13,37.1429
2020/6/14,41.4286
2020/6/15,46.8571
2020/6/16,48.5714
2020/6/17,49.5714
2020/6/18,53.5714
2020/6/19,53.1429
2020/6/20,56.2857
2020/6/21,54.2857
2020/6/22,51.4286
2020/6/23,53.0000
2020/6/24,59.5714
2020/6/25,61.1429
2020/6/26,67.5714
2020/6/27,70.8571
2020/6/28,79.8571
2020/6/29,89.8571
2020/6/30,101.1429
2020/7/1,106.2857
2020/7/2,122.7143
2020/7/3,144.1429
2020/7/4,169.8571
2020/7/5,181.8571
2020/7/6,191.0000
2020/7/7,201.1429
2020/7/8,212.2857
2020/7/9,234.8571
2020/7/10,259.0000
2020/7/11,274.1429
2020/7/12,302.0000
2020/7/13,312.2857
2020/7/14,329.8571
2020/7/15,363.4286
2020/7/16,401.5714
2020/7/17,425.8571
2020/7/18,465.8571
2020/7/19,481.7143
2020/7/20,504.4286
2020/7/21,546.1429
2020/7/22,596.7143
2020/7/23,646.2857
2020/7/24,671.7143
2020/7/25,692.0000
2020/7/26,739.5714
2020/7/27,765.0000
2020/7/28,815.4286
2020/7/29,880.1429
2020/7/30,928.5714
2020/7/31,1044.1429
2020/8/1,1150.0000
2020/8/2,1220.1429
2020/8/3,1271.2857
2020/8/4,1309.7143
2020/8/5,1323.8571
2020/8/6,1348.7143
2020/8/7,1351.8571
2020/8/8,1349.5714
2020/8/9,1372.4286
2020/8/10,1356.4286
2020/8/11,1278.0000
2020/8/12,1224.4286
2020/8/13,1181.0000
2020/8/14,1146.4286
2020/8/15,1105.2857
2020/8/16,1038.1429
2020/8/17,1009.7143
2020/8/18,1040.0000
2020/8/19,1055.5714
2020/8/20,1055.7143
2020/8/21,1010.0000
2020/8/22,974.5714
2020/8/23,934.8571
2020/8/24,915.0000
2020/8/25,887.2857
2020/8/26,860.8571
2020/8/27,817.1429
2020/8/28,793.4286
2020/8/29,772.8571
2020/8/30,753.0000
2020/8/31,744.2857
2020/9/1,732.1429
2020/9/2,688.1429
2020/9/3,657.2857
2020/9/4,616.2857
2020/9/5,581.5714
2020/9/6,560.0000
2020/9/7,539.2857
2020/9/8,523.0000
2020/9/9,511.8571
2020/9/10,519.7143
2020/9/11,527.5714
2020/9/12,533.4286
2020/9/13,532.1429
2020/9/14,528.8571
2020/9/15,531.7143
2020/9/16,536.8571
2020/9/17,503.8571
2020/9/18,494.1429
2020/9/19,487.4286
2020/9/20,491.8571
2020/9/21,498.1429
2020/9/22,468.2857
2020/9/23,421.5714
2020/9/24,421.1429
2020/9/25,420.8571
2020/9/26,426.8571
2020/9/27,428.1429
2020/9/28,426.4286
2020/9/29,455.8571
2020/9/30,506.2857
2020/10/1,526.8571
2020/10/2,522.5714
2020/10/3,512.2857
2020/10/4,500.2857
2020/10/5,496.7143
2020/10/6,492.1429
2020/10/7,482.5714
2020/10/8,483.1429
2020/10/9,491.2857
2020/10/10,506.1429
2020/10/11,511.4286
2020/10/12,511.8571
2020/10/13,511.2857
2020/10/14,518.1429
2020/10/15,529.5714
2020/10/16,535.1429
2020/10/17,527.2857
2020/10/18,526.0000
2020/10/19,531.8571
2020/10/20,529.5714
2020/10/21,538.2857
2020/10/22,524.8571
2020/10/23,540.4286
2020/10/24,554.8571
2020/10/25,564.0000
2020/10/26,576.5714
2020/10/27,601.0000
2020/10/28,617.1429
2020/10/29,644.8571
2020/10/30,648.4286
2020/10/31,670.4286
2020/11/1,687.1429
2020/11/2,698.4286
2020/11/3,729.0000
2020/11/4,712.1429
2020/11/5,746.8571
2020/11/6,799.7143
2020/11/7,861.8571
2020/11/8,909.1429
2020/11/9,950.5714
2020/11/10,1010.0000
2020/11/11,1143.4286
2020/11/12,1226.0000
2020/11/13,1306.8571
2020/11/14,1366.8571
2020/11/15,1437.4286
2020/11/16,1463.0000
2020/11/17,1521.4286
2020/11/18,1611.8571
2020/11/19,1720.1429
2020/11/20,1823.2857
2020/11/21,1944.5714
2020/11/22,2047.1429
2020/11/23,2127.7143
2020/11/24,2061.1429
2020/11/25,2025.7143
2020/11/26,2041.7143
2020/11/27,2053.8571
2020/11/28,2067.7143
2020/11/29,2053.4286
2020/11/30,2040.8571
2020/12/1,2154.4286
2020/12/2,2225.0000
2020/12/3,2226.5714
2020/12/4,2215.8571
2020/12/5,2191.4286
2020/12/6,2186.2857
2020/12/7,2197.2857
2020/12/8,2219.0000
2020/12/9,2273.5714
2020/12/10,2339.4286
2020/12/11,2390.8571
2020/12/12,2464.2857
2020/12/13,2516.4286
2020/12/14,2542.0000
2020/12/15,2575.4286
2020/12/16,2602.4286
2020/12/17,2636.7143
2020/12/18,2642.0000
2020/12/19,2646.2857
2020/12/20,2649.5714
2020/12/21,2665.2857
2020/12/22,2704.4286
2020/12/23,2744.4286
2020/12/24,2828.8571
2020/12/25,2986.2857
2020/12/26,3080.8571
2020/12/27,3158.5714
2020/12/28,3245.1429
2020/12/29,3378.7143
2020/12/30,3466.4286
2020/12/31,3566.8571
2021/1/1,3468.8571
2021/1/2,3376.7143
2021/1/3,3404.8571
2021/1/4,3538.1429
2021/1/5,3730.8571
2021/1/6,4042.5714
2021/1/7,4513.0000
2021/1/8,5198.2857
2021/1/9,5837.0000
2021/1/10,6264.2857
2021/1/11,6488.7143
2021/1/12,6441.8571
2021/1/13,6444.7143
2021/1/14,6295.5714
2021/1/15,6117.0000
2021/1/16,6045.5714
2021/1/17,5992.4286
2021/1/18,5999.0000
2021/1/19,6102.5714
2021/1/20,6039.2857
2021/1/21,5895.5714
2021/1/22,5613.5714
2021/1/23,5282.5714
2021/1/24,5029.7143
2021/1/25,4717.2857
2021/1/26,4502.4286
2021/1/27,4263.1429
2021/1/28,4031.5714
2021/1/29,3849.5714
2021/1/30,3652.2857
2021/1/31,3464.4286
2021/2/1,3324.7143
2021/2/2,3106.1429
2021/2/3,2917.5714
2021/2/4,2696.4286
2021/2/5,2528.4286
2021/2/6,2378.0000
2021/2/7,2228.5714
2021/2/8,2147.5714
2021/2/9,2040.0000
2021/2/10,1931.0000
2021/2/11,1804.5714
2021/2/12,1651.1429
2021/2/13,1519.4286
2021/2/14,1481.2857
2021/2/15,1445.4286
2021/2/16,1407.8571
2021/2/17,1344.7143
2021/2/18,1323.4286
2021/2/19,1323.4286
2021/2/20,1305.2857
2021/2/21,1258.0000
2021/2/22,1225.8571
2021/2/23,1193.4286
2021/2/24,1119.1429
2021/2/25,1051.1429
2021/2/26,1016.8571
2021/2/27,1014.0000
2021/2/28,1009.0000
2021/3/1,1001.1429
2021/3/2,973.8571
2021/3/3,1019.1429
2021/3/4,1034.0000
2021/3/5,1046.5714
2021/3/6,1023.2857
2021/3/7,1032.8571
2021/3/8,1020.7143
2021/3/9,1054.7143
2021/3/10,1064.5714
2021/3/11,1085.5714
2021/3/12,1103.1429
2021/3/13,1142.0000
2021/3/14,1130.7143
2021/3/15,1143.4286
2021/3/16,1144.1429
2021/3/17,1174.2857
2021/3/18,1199.5714
2021/3/19,1226.0000
2021/3/20,1254.5714
2021/3/21,1272.8571
2021/3/22,1291.2857
2021/3/23,1342.0000
2021/3/24,1399.7143
2021/3/25,1460.0000
2021/3/26,1542.4286
2021/3/27,1621.8571
2021/3/28,1713.7143
2021/3/29,1788.4286
2021/3/30,1873.0000
2021/3/31,2002.7143
2021/4/1,2100.4286
2021/4/2,2202.1429
2021/4/3,2299.5714
2021/4/4,2400.4286
2021/4/5,2430.8571
2021/4/6,2513.0000
2021/4/7,2602.5714
2021/4/8,2725.0000
2021/4/9,2834.8571
2021/4/10,2975.8571
2021/4/11,3031.4286
2021/4/12,3109.5714
2021/4/13,3222.8571
2021/4/14,3343.2857
2021/4/15,3502.4286
2021/4/16,3646.2857
2021/4/17,3796.0000
2021/4/18,3973.0000
2021/4/19,4086.0000
2021/4/20,4212.0000
2021/4/21,4351.5714
2021/4/22,4480.7143
2021/4/23,4566.2857
2021/4/24,4682.1429
2021/4/25,4755.7143
2021/4/26,4814.5714
2021/4/27,4905.0000
2021/4/28,4978.0000
2021/4/29,5038.4286
2021/4/30,4972.8571
2021/5/1,5028.7143
2021/5/2,5211.2857
2021/5/3,5376.2857
2021/5/4,5267.0000
2021/5/5,5018.7143
2021/5/6,4798.0000
2021/5/7,4994.4286
2021/5/8,5173.2857
2021/5/9,5260.7143
2021/5/10,5327.5714
2021/5/11,5619.1429
2021/5/12,6048.7143
2021/5/13,6408.1429
2021/5/14,6441.7143
2021/5/15,6323.8571
2021/5/16,6146.1429
2021/5/17,5967.7143
2021/5/18,5823.7143
2021/5/19,5645.8571
2021/5/20,5480.8571
2021/5/21,5335.1429
2021/5/22,5137.0000
2021/5/23,4963.2857
2021/5/24,4825.1429
2021/5/25,4634.5714
2021/5/26,4450.7143
2021/5/27,4224.2857
2021/5/28,4003.8571
2021/5/29,3797.7143
2021/5/30,3632.2857
2021/5/31,3500.1429
2021/6/1,3321.0000
2021/6/2,3107.2857
2021/6/3,2921.4286
2021/6/4,2761.5714
2021/6/5,2627.0000
2021/6/6,2504.4286
2021/6/7,2432.0000
2021/6/8,2324.0000
2021/6/9,2208.7143
2021/6/10,2096.5714
2021/6/11,2003.4286
2021/6/12,1902.5714
2021/6/13,1812.0000
2021/6/14,1762.1429
2021/6/15,1695.5714
2021/6/16,1620.1429
2021/6/17,1550.0000
2021/6/18,1505.0000
2021/6/19,1443.2857
2021/6/20,1432.0000
2021/6/21,1422.7143
2021/6/22,1424.8571
2021/6/23,1436.2857
2021/6/24,1453.2857
2021/6/25,1465.7143
2021/6/26,1481.5714
2021/6/27,1478.2857
2021/6/28,1496.1429
2021/6/29,1488.0000
2021/6/30,1492.8571
2021/7/1,1503.2857
2021/7/2,1512.8571
2021/7/3,1547.5714
2021/7/4,1576.0000
2021/7/5,1580.5714
2021/7/6,1620.7143
2021/7/7,1673.7143
2021/7/8,1744.7143
2021/7/9,1814.2857
2021/7/10,1898.5714
2021/7/11,1975.8571
2021/7/12,2043.1429
2021/7/13,2145.8571
2021/7/14,2287.2857
2021/7/15,2454.4286
2021/7/16,2620.1429
2021/7/17,2822.8571
2021/7/18,2976.1429
2021/7/19,3094.1429
2021/7/20,3290.0000
2021/7/21,3542.7143
2021/7/22,3825.7143
2021/7/23,3938.8571
2021/7/24,3899.4286
2021/7/25,4176.1429
2021/7/26,4513.4286
2021/7/27,5072.4286
2021/7/28,5741.7143
2021/7/29,6506.2857
2021/7/30,7449.4286
2021/7/31,8709.0000
2021/8/1,9452.7143
2021/8/2,9985.8571
2021/8/3,10627.1429
2021/8/4,11302.4286
2021/8/5,11961.1429
2021/8/6,12673.0000
2021/8/7,13160.4286
2021/8/8,13773.7143
2021/8/9,14306.5714
2021/8/10,14103.5714
2021/8/11,14338.1429
2021/8/12,14864.5714
2021/8/13,15535.2857
2021/8/14,16172.7143
2021/8/15,16652.4286
2021/8/16,17058.1429
2021/8/17,18397.5714
2021/8/18,19554.2857
2021/8/19,20453.8571
2021/8/20,21237.1429
2021/8/21,22000.8571
2021/8/22,22635.1429
2021/8/23,22913.0000
2021/8/24,23135.8571
2021/8/25,23182.0000
2021/8/26,23139.8571
2021/8/27,22901.2857
2021/8/28,22502.0000
2021/8/29,22075.1429
2021/8/30,21609.7143
2021/8/31,21045.2857
2021/9/1,20418.8571
2021/9/2,19442.5714
2021/9/3,18358.8571
2021/9/4,17382.4286
2021/9/5,16461.2857
2021/9/6,15684.2857
2021/9/7,14666.7143
2021/9/8,13574.5714
2021/9/9,12456.4286
2021/9/10,11334.8571
2021/9/11,10304.4286
2021/9/12,9389.2857
2021/9/13,8654.5714
2021/9/14,8090.8571
2021/9/15,7304.1429
2021/9/16,6605.7143
2021/9/17,6018.5714
2021/9/18,5413.8571
2021/9/19,4955.5714
2021/9/20,4787.8571
2021/9/21,4055.7143
2021/9/22,3594.8571
2021/9/23,3355.5714
2021/9/24,2914.0000
2021/9/25,2647.2857
2021/9/26,2478.7143
2021/9/27,2343.7143
2021/9/28,2404.0000
2021/9/29,2165.2857
2021/9/30,1844.1429
2021/10/1,1801.5714
2021/10/2,1607.2857
2021/10/3,1432.5714
2021/10/4,1366.1429
2021/10/5,1246.0000
2021/10/6,1131.5714
2021/10/7,1038.0000
2021/10/8,958.0000
2021/10/9,880.8571
2021/10/10,839.0000
2021/10/11,808.0000
2021/10/12,746.7143
2021/10/13,683.8571
2021/10/14,645.5714
2021/10/15,604.5714
2021/10/16,568.4286
2021/10/17,539.8571
2021/10/18,524.5714
2021/10/19,489.1429
2021/10/20,444.5714
2021/10/21,396.8571
2021/10/22,371.5714
2021/10/23,338.5714
2021/10/24,316.1429
2021/10/25,311.4286
2021/10/26,300.8571
2021/10/27,285.8571
2021/10/28,284.2857
2021/10/29,280.8571
2021/10/30,277.5714
2021/10/31,278.1429
2021/11/1,268.4286
2021/11/2,252.7143
2021/11/3,244.4286
2021/11/4,218.8571
2021/11/5,209.1429
2021/11/6,202.2857
2021/11/7,192.0000
2021/11/8,193.7143
2021/11/9,191.0000
2021/11/10,182.8571
2021/11/11,196.1429
2021/11/12,188.1429
2021/11/13,183.0000
2021/11/14,180.0000
2021/11/15,175.5714
2021/11/16,164.7143
2021/11/17,162.1429
2021/11/18,155.2857
2021/11/19,147.5714
2021/11/20,136.5714
2021/11/21,135.7143
2021/11/22,130.5714
2021/11/23,127.5714
2021/11/24,108.4286
2021/11/25,101.5714
2021/11/26,97.5714
2021/11/27,99.1429
2021/11/28,90.1429
2021/11/29,95.0000
2021/11/30,96.5714
2021/12/1,106.7143
2021/12/2,106.1429
2021/12/3,109.2857
2021/12/4,107.8571
2021/12/5,112.2857
2021/12/6,109.2857
2021/12/7,106.2857
2021/12/8,108.2857
2021/12/9,112.7143
2021/12/10,110.0000
2021/12/11,112.4286
2021/12/12,114.8571
2021/12/13,118.0000
2021/12/14,124.8571
2021/12/15,130.1429
2021/12/16,129.8571
2021/12/17,135.1429
2021/12/18,142.2857
2021/12/19,148.4286
2021/12/20,150.5714
2021/12/21,157.1429
2021/12/22,165.7143
2021/12/23,185.1429
2021/12/24,200.1429
2021/12/25,215.5714
2021/12/26,223.8571
2021/12/27,232.4286
2021/12/28,252.4286
2021/12/29,282.4286
2021/12/30,304.8571
2021/12/31,331.8571
2022/1/1,355.8571
2022/1/2,386.8571
2022/1/3,480.5714
2022/1/4,587.2857
2022/1/5,921.7143
2022/1/6,1500.4286
2022/1/7,2372.4286
2022/1/8,3548.8571
2022/1/9,4654.7143
2022/1/10,5361.2857
2022/1/11,6019.8571
2022/1/12,7848.2857
2022/1/13,10208.8571
2022/1/14,12709.0000
2022/1/15,15706.7143
2022/1/16,18373.7143
2022/1/17,20002.2857
2022/1/18,24969.8571
2022/1/19,29769.1429
2022/1/20,34442.4286
2022/1/21,38957.2857
2022/1/22,43895.0000
2022/1/23,47741.5714
2022/1/24,50031.7143
2022/1/25,56112.1429
2022/1/26,60705.1429
2022/1/27,65310.0000
2022/1/28,69510.2857
2022/1/29,74266.5714
2022/1/30,77795.8571
2022/1/31,79034.5714
2022/2/1,82103.1429
2022/2/2,84576.1429
2022/2/3,86325.8571
2022/2/4,87706.1429
2022/2/5,88188.7143
2022/2/6,87714.1429
2022/2/7,87688.0000
2022/2/8,87661.7143
2022/2/9,87342.2857
2022/2/10,86755.8571
2022/2/11,85855.7143
2022/2/12,77173.7143
2022/2/13,77614.0000
2022/2/14,77059.7143
2022/2/15,76451.5714
2022/2/16,75980.5714
2022/2/17,74895.0000
2022/2/18,72696.4286
2022/2/19,77975.4286
2022/2/20,75385.5714
2022/2/21,74281.7143
2022/2/22,71878.8571
2022/2/23,70575.0000
2022/2/24,63237.0000
2022/2/25,63116.4286
2022/2/26,62893.4286
2022/2/27,62044.5714
2022/2/28,61843.8571
2022/3/1,60949.4286
2022/3/2,59231.5714
2022/3/3,62931.8571
2022/3/4,60578.2857
2022/3/5,58380.5714
2022/3/6,57213.2857
2022/3/7,56345.5714
2022/3/8,54687.5714
2022/3/9,53467.1429
2022/3/10,52521.0000
2022/3/11,51554.2857
2022/3/12,50612.8571
2022/3/13,50032.2857
2022/3/14,49903.0000
2022/3/15,49215.4286
2022/3/16,48389.2857
2022/3/17,47557.5714
2022/3/18,46450.7143
2022/3/19,44908.5714
2022/3/20,43716.1429
2022/3/21,43415.1429
2022/3/22,37047.8571
2022/3/23,36446.7143
2022/3/24,36769.5714
2022/3/25,37134.0000
2022/3/26,37615.7143
2022/3/27,38191.8571
2022/3/28,38256.4286
2022/3/29,43855.4286
2022/3/30,44041.8571
2022/3/31,43872.1429
2022/4/1,44214.1429
2022/4/2,44703.4286
2022/4/3,44924.4286
2022/4/4,44904.1429
2022/4/5,45011.0000
2022/4/6,45425.8571
2022/4/7,45913.8571
2022/4/8,46359.8571
2022/4/9,46867.2857
2022/4/10,47128.8571
2022/4/11,47297.4286
2022/4/12,47984.7143
2022/4/13,48117.7143
2022/4/14,47628.8571
2022/4/15,46930.0000
2022/4/16,45610.5714
2022/4/17,44392.1429
2022/4/18,43613.2857
2022/4/19,41934.4286
2022/4/20,40626.1429
2022/4/21,39741.0000
2022/4/22,39150.2857
2022/4/23,39088.0000
2022/4/24,39287.0000
2022/4/25,39442.5714
2022/4/26,39254.1429
2022/4/27,38694.0000
2022/4/28,38009.0000
2022/4/29,37233.0000
2022/4/30,33281.2857
2022/5/1,32251.5714
2022/5/2,32008.8571
2022/5/3,30763.2857
2022/5/4,27245.2857
2022/5/5,24494.8571
2022/5/6,22211.4286
2022/5/7,27039.7143
2022/5/8,28969.0000
2022/5/9,29690.4286
2022/5/10,31242.4286
2022/5/11,34750.2857
2022/5/12,37491.7143
2022/5/13,40088.1429
2022/5/14,38653.0000
2022/5/15,37287.5714
2022/5/16,36615.5714
2022/5/17,35760.8571
2022/5/18,35309.7143
2022/5/19,35050.2857
2022/5/20,34771.0000
2022/5/21,34257.4286
2022/5/22,33720.8571
2022/5/23,33362.5714
2022/5/24,32510.2857
2022/5/25,31435.8571
2022/5/26,30204.5714
2022/5/27,28764.8571
2022/5/28,27207.2857
2022/5/29,25857.5714
2022/5/30,25222.4286
2022/5/31,23362.7143
2022/6/1,21668.1429
2022/6/2,20410.0000
2022/6/3,19406.5714
2022/6/4,18393.5714
2022/6/5,17819.0000
2022/6/6,17567.1429
2022/6/7,16888.8571
2022/6/8,16229.1429
2022/6/9,15737.1429
2022/6/10,15279.4286
2022/6/11,14921.4286
2022/6/12,14708.4286
2022/6/13,14624.8571
2022/6/14,14290.2857
2022/6/15,14045.4286
2022/6/16,13895.5714
2022/6/17,13775.4286
2022/6/18,13757.5714
2022/6/19,13725.4286
2022/6/20,13684.0000
2022/6/21,13754.4286
2022/6/22,13861.2857
2022/6/23,14039.0000
2022/6/24,14184.1429
2022/6/25,14358.5714
2022/6/26,14553.7143
2022/6/27,14763.2857
2022/6/28,15453.7143
2022/6/29,16388.8571
2022/6/30,17373.8571
2022/7/1,18548.2857
2022/7/2,19740.7143
2022/7/3,21205.1429
2022/7/4,22574.7143
2022/7/5,24441.0000
2022/7/6,27578.2857
2022/7/7,31143.0000
2022/7/8,34993.1429
2022/7/9,39294.2857
2022/7/10,43691.0000
2022/7/11,46595.7143
2022/7/12,52285.4286
2022/7/13,59238.1429
2022/7/14,66353.4286
2022/7/15,73954.1429
2022/7/16,81906.5714
2022/7/17,89264.2857
2022/7/18,94841.4286
2022/7/19,93517.1429
2022/7/20,101807.0000
2022/7/21,114441.4286
2022/7/22,127562.7143
2022/7/23,140459.4286
2022/7/24,150597.5714
2022/7/25,157793.4286
2022/7/26,176326.0000
2022/7/27,184492.0000
2022/7/28,191185.8571
2022/7/29,194939.1429
2022/7/30,197987.2857
2022/7/31,201020.5714
2022/8/1,202896.7143
2022/8/2,204980.5714
2022/8/3,210716.0000
2022/8/4,211522.2857
2022/8/5,213282.4286
2022/8/6,214034.1429
2022/8/7,215278.8571
2022/8/8,215015.7143
2022/8/9,215228.7143
2022/8/10,215310.4286
2022/8/11,215518.8571
2022/8/12,206242.1429
2022/8/13,199963.7143
2022/8/14,195944.5714
2022/8/15,196051.8571
2022/8/16,189429.4286
2022/8/17,186728.7143
2022/8/18,188920.0000
2022/8/19,202093.0000
2022/8/20,212044.5714
2022/8/21,218873.0000
2022/8/22,219221.7143
2022/8/23,225270.5714
2022/8/24,226981.8571
2022/8/25,222040.2857
2022/8/26,212236.4286
2022/8/27,201790.2857
2022/8/28,192027.4286
2022/8/29,185581.7143
2022/8/30,177583.5714
2022/8/31,167057.8571
2022/9/1,156908.0000
2022/9/2,147810.0000
2022/9/3,139659.5714
2022/9/4,132515.7143
2022/9/5,128533.0000
2022/9/6,122768.1429
2022/9/7,117053.8571
2022/9/8,111700.0000
2022/9/9,107526.1429
2022/9/10,103190.2857
2022/9/11,99431.5714
2022/9/12,97271.2857
2022/9/13,93753.1429
2022/9/14,89535.7143
2022/9/15,85744.2857
2022/9/16,82381.0000
2022/9/17,79272.8571
2022/9/18,76779.7143
2022/9/19,74658.4286
2022/9/20,66685.5714
2022/9/21,62338.7143
2022/9/22,61127.2857
2022/9/23,59401.2857
2022/9/24,54863.2857
2022/9/25,52398.7143
2022/9/26,53186.5714
2022/9/27,54436.1429
2022/9/28,51584.5714
2022/9/29,46563.0000
2022/9/30,42687.4286
2022/10/1,42148.8571
2022/10/2,39686.1429
2022/10/3,35632.2857
2022/10/4,35506.8571
2022/10/5,34254.0000
2022/10/6,33013.0000
2022/10/7,32034.4286
2022/10/8,30799.1429
2022/10/9,29828.2857
2022/10/10,29523.7143
2022/10/11,25744.0000
2022/10/12,26384.4286
2022/10/13,28126.2857
2022/10/14,29085.4286
2022/10/15,30257.7143
2022/10/16,31252.8571
2022/10/17,31587.7143
2022/10/18,35760.1429
2022/10/19,35477.2857
2022/10/20,34109.7143
2022/10/21,33457.0000
2022/10/22,33293.2857
2022/10/23,33461.0000
2022/10/24,33668.5714
2022/10/25,34444.7143
2022/10/26,35411.7143
2022/10/27,36330.5714
2022/10/28,37382.7143
2022/10/29,38912.8571
2022/10/30,40312.4286
2022/10/31,41105.7143
2022/11/1,43622.7143
2022/11/2,46495.7143
2022/11/3,50087.4286
2022/11/4,49334.4286
2022/11/5,53591.5714
2022/11/6,57293.8571
2022/11/7,58623.0000
2022/11/8,60929.4286
2022/11/9,63352.7143
2022/11/10,64889.8571
2022/11/11,70609.4286
2022/11/12,71362.2857
2022/11/13,71708.1429
2022/11/14,72550.1429
2022/11/15,75603.4286
2022/11/16,78436.7143
2022/11/17,80526.0000
2022/11/18,82020.5714
2022/11/19,83500.0000
2022/11/20,84752.7143
2022/11/21,85448.1429
2022/11/22,88119.7143
2022/11/23,91860.7143
2022/11/24,87150.0000
2022/11/25,91767.2857
2022/11/26,96826.5714
2022/11/27,99776.4286
2022/11/28,100734.2857
2022/11/29,101580.8571
2022/11/30,102306.5714
2022/12/1,110615.0000
2022/12/2,109631.0000
2022/12/3,107385.4286
2022/12/4,106130.7143
2022/12/5,105920.8571
2022/12/6,107321.7143
2022/12/7,108877.2857
2022/12/8,111005.0000
2022/12/9,113541.5714
2022/12/10,117277.4286
2022/12/11,121546.0000
2022/12/12,123645.4286
2022/12/13,129174.5714
2022/12/14,135105.5714
2022/12/15,140160.7143
2022/12/16,143900.8571
2022/12/17,147172.4286
2022/12/18,149595.7143
2022/12/19,150880.1429
2022/12/20,152386.0000
2022/12/21,154710.2857
2022/12/22,156976.0000
2022/12/23,159900.2857
2022/12/24,162649.2857
2022/12/25,164554.7143
2022/12/26,165407.8571
2022/12/27,167778.2857
2022/12/28,169164.8571
2022/12/29,170352.8571
2022/12/30,166811.2857
2022/12/31,156773.4286
2023/1/1,147835.0000
2023/1/2,147658.8571
2023/1/3,131467.4286
2023/1/4,115409.1429
2023/1/5,120331.0000
2023/1/6,134198.8571
2023/1/7,152942.2857
2023/1/8,167728.2857
2023/1/9,170487.7143
2023/1/10,168451.5714
2023/1/11,181966.0000
2023/1/12,175980.8571
2023/1/13,161375.8571
2023/1/14,146136.1429
2023/1/15,134348.7143
2023/1/16,128489.4286
2023/1/17,135848.5714
2023/1/18,125237.0000
2023/1/19,112525.7143
2023/1/20,103685.4286
2023/1/21,96091.7143
2023/1/22,89841.4286
2023/1/23,86721.1429
2023/1/24,80215.8571
2023/1/25,73730.4286
2023/1/26,68626.5714
2023/1/27,64525.1429
2023/1/28,61058.4286
2023/1/29,58230.2857
2023/1/30,56636.0000
2023/1/31,53167.4286
2023/2/1,49752.1429
2023/2/2,47632.5714
2023/2/3,45634.1429
2023/2/4,43314.0000
2023/2/5,41555.2857
2023/2/6,40717.5714
2023/2/7,38453.7143
2023/2/8,36460.4286
2023/2/9,34631.2857
2023/2/10,33020.2857
2023/2/11,31420.8571
2023/2/12,28749.4286
2023/2/13,27873.7143
2023/2/14,26486.2857
2023/2/15,24662.7143
2023/2/16,23005.2857
2023/2/17,21579.7143
2023/2/18,20118.2857
2023/2/19,20200.4286
2023/2/20,19856.2857
2023/2/21,18064.8571
2023/2/22,16614.4286
2023/2/23,15733.4286
2023/2/24,13998.0000
2023/2/25,13670.2857
