2021/4/12,4717,0,0,0,0
2021/4/13,9053,0,0,0,0
2021/4/14,14379,0,0,0,0
2021/4/15,23240,0,0,0,0
2021/4/16,34033,0,0,0,0
2021/4/17,41724,0,0,0,0
2021/4/18,50152,0,0,0,0
2021/4/19,81112,0,0,0,0
2021/4/20,129084,0,0,0,0
2021/4/21,186401,0,0,0,0
2021/4/22,241428,0,0,0,0
2021/4/23,293253,0,0,0,0
2021/4/24,328810,0,0,0,0
2021/4/25,354322,0,0,0,0
2021/4/26,410339,0,0,0,0
2021/4/27,484845,0,0,0,0
2021/4/28,565848,0,0,0,0
2021/4/29,586176,0,0,0,0
2021/4/30,647503,0,0,0,0
2021/5/1,688066,0,0,0,0
2021/5/2,715433,0,0,0,0
2021/5/3,722899,798,0,0,0
2021/5/4,731441,1497,0,0,0
2021/5/5,741331,2403,0,0,0
2021/5/6,789168,11626,0,0,0
2021/5/7,839860,23298,0,0,0
2021/5/8,902970,30974,0,0,0
2021/5/9,978840,39200,0,0,0
2021/5/10,1084868,67860,0,0,0
2021/5/11,1218398,112846,0,0,0
2021/5/12,1381842,166419,0,0,0
2021/5/13,1541943,218618,0,0,0
2021/5/14,1678575,269577,0,0,0
2021/5/15,1818431,304629,0,0,0
2021/5/16,2008722,328913,0,0,0
2021/5/17,2220157,381138,0,0,0
2021/5/18,2478113,449285,0,0,0
2021/5/19,2791409,521178,0,0,0
2021/5/20,3118519,549461,0,0,0
2021/5/21,3403279,610317,0,0,0
2021/5/22,3691470,653255,0,0,0
2021/5/23,4019099,681329,0,0,0
2021/5/24,4473543,691666,0,0,0
2021/5/25,4999203,702696,0,0,0
2021/5/26,5581168,715388,0,0,0
2021/5/27,6144511,760779,0,0,0
2021/5/28,6682385,809062,0,0,0
2021/5/29,7161278,869121,0,0,0
2021/5/30,7626628,936958,0,0,0
2021/5/31,8165251,1032746,0,0,0
2021/6/1,8824963,1155123,0,0,0
2021/6/2,9506465,1304927,0,0,0
2021/6/3,10192539,1453283,0,0,0
2021/6/4,10860567,1579172,0,0,0
2021/6/5,11486530,1710506,0,0,0
2021/6/6,12056740,1893486,0,0,0
2021/6/7,12732378,2089322,0,0,0
2021/6/8,13472036,2328686,0,0,0
2021/6/9,14197724,2623146,0,0,0
2021/6/10,14906021,2934574,0,0,0
2021/6/11,15622679,3208527,0,0,0
2021/6/12,16294090,3487582,0,0,0
2021/6/13,16904874,3806310,0,0,0
2021/6/14,17524474,4229147,0,0,0
2021/6/15,18194158,4720714,0,0,0
2021/6/16,18844519,5264895,0,0,0
2021/6/17,19501662,5795216,0,0,0
2021/6/18,20140713,6303510,0,0,0
2021/6/19,20816200,6751925,0,0,0
2021/6/20,21492130,7193835,0,0,0
2021/6/21,22198564,7704348,0,0,0
2021/6/22,22941404,8325019,0,0,0
2021/6/23,23696795,8967621,0,0,0
2021/6/24,24429949,9610838,0,0,0
2021/6/25,25151480,10247996,0,0,0
2021/6/26,25911584,10843553,0,0,0
2021/6/27,26698666,11392037,0,0,0
2021/6/28,27433695,12041525,0,0,0
2021/6/29,28224806,12754334,0,0,0
2021/6/30,29058896,13463972,0,0,0
2021/7/1,29698023,14143544,0,0,0
2021/7/2,30298125,14835903,0,0,0
2021/7/3,31190224,15470818,0,0,0
2021/7/4,32033530,16038642,0,0,0
2021/7/5,32976386,16648544,0,0,0
2021/7/6,33974593,17306820,0,0,0
2021/7/7,35000752,17945568,0,0,0
2021/7/8,36029120,18582093,0,0,0
2021/7/9,37068366,19221771,0,0,0
2021/7/10,38110764,19884631,0,0,0
2021/7/11,38878336,20556522,0,0,0
2021/7/12,39682350,21209507,0,0,0
2021/7/13,40556092,21884849,0,0,0
2021/7/14,41417803,22569338,0,0,0
2021/7/15,42260122,23239051,0,0,0
2021/7/16,43132734,23895417,0,0,0
2021/7/17,43963337,24592636,0,0,0
2021/7/18,44580322,25311831,0,0,0
2021/7/19,45081315,25973802,0,0,0
2021/7/20,45858965,26700647,0,0,0
2021/7/21,46604578,27475937,0,0,0
2021/7/22,46928793,27823107,0,0,0
2021/7/23,47182233,28097997,0,0,0
2021/7/24,47649571,28951121,0,0,0
2021/7/25,48070621,29741077,0,0,0
2021/7/26,48630547,30668252,0,0,0
2021/7/27,49240246,31620750,0,0,0
2021/7/28,49842591,32605769,0,0,0
2021/7/29,50449563,33577983,0,0,0
2021/7/30,51085742,34585847,0,0,0
2021/7/31,51727262,35591653,0,0,0
2021/8/1,52288282,36292902,0,0,0
2021/8/2,52859164,37113550,0,0,0
2021/8/3,53447524,37985438,0,0,0
2021/8/4,54023797,38852230,0,0,0
2021/8/5,54587841,39741223,0,0,0
2021/8/6,55171664,40688038,0,0,0
2021/8/7,55871599,41579846,0,0,0
2021/8/8,56482272,42216378,0,0,0
2021/8/9,56651352,42436732,0,0,0
2021/8/10,57140616,43273899,0,0,0
2021/8/11,57639340,44016337,0,0,0
2021/8/12,58131804,44454285,0,0,0
2021/8/13,58477740,44784974,0,0,0
2021/8/14,58832563,45196926,0,0,0
2021/8/15,59202388,45576765,0,0,0
2021/8/16,59637471,46162996,0,0,0
2021/8/17,60184853,46867164,0,0,0
2021/8/18,60762763,47551262,0,0,0
2021/8/19,61339789,48193956,0,0,0
2021/8/20,61955647,48890545,0,0,0
2021/8/21,62677619,49616212,0,0,0
2021/8/22,63305821,50228287,0,0,0
2021/8/23,63855126,50881261,0,0,0
2021/8/24,64467788,51536831,0,0,0
2021/8/25,65073124,52174334,0,0,0
2021/8/26,65644014,52778188,0,0,0
2021/8/27,66286127,53446508,0,0,0
2021/8/28,67017055,54196251,0,0,0
2021/8/29,67616782,54828946,0,0,0
2021/8/30,68007491,55116808,0,0,0
2021/8/31,68659995,55653863,0,0,0
2021/9/1,69307292,56150656,0,0,0
2021/9/2,69730344,56656504,0,0,0
2021/9/3,70472785,57078192,0,0,0
2021/9/4,71431299,57533986,0,0,0
2021/9/5,72209910,57937465,0,0,0
2021/9/6,72829448,58358130,0,0,0
2021/9/7,73462167,58888348,0,0,0
2021/9/8,74061869,59443639,0,0,0
2021/9/9,74648680,59987194,0,0,0
2021/9/10,75299447,60602227,0,0,0
2021/9/11,76087468,61327941,0,0,0
2021/9/12,76707545,61924475,0,0,0
2021/9/13,77219493,62443157,0,0,0
2021/9/14,77757554,62998302,0,0,0
2021/9/15,78272499,63554848,0,0,0
2021/9/16,78773874,64115604,0,0,0
2021/9/17,79352180,64758622,0,0,0
2021/9/18,80092751,65486371,0,0,0
2021/9/19,80669819,66056280,0,0,0
2021/9/20,80826331,66213125,0,0,0
2021/9/21,81238064,66902097,0,0,0
2021/9/22,81659159,67559298,0,0,0
2021/9/23,81854225,67797975,0,0,0
2021/9/24,82291080,68567539,0,0,0
2021/9/25,82867242,69511330,0,0,0
2021/9/26,83315160,70241750,0,0,0
2021/9/27,83692797,70858985,0,0,0
2021/9/28,84100579,71482252,0,0,0
2021/9/29,84504673,72076998,0,0,0
2021/9/30,84894064,72679047,0,0,0
2021/10/1,85334472,73322073,0,0,0
2021/10/2,85933402,74105009,0,0,0
2021/10/3,86402442,74714763,0,0,0
2021/10/4,86733971,75248137,0,0,0
2021/10/5,87080445,75805113,0,0,0
2021/10/6,87412048,76347470,0,0,0
2021/10/7,87730389,76886511,0,0,0
2021/10/8,88108366,77549113,0,0,0
2021/10/9,88617608,78373538,0,0,0
2021/10/10,88997403,78975026,0,0,0
2021/10/11,89282736,79192376,0,0,0
2021/10/12,89553722,79638823,0,0,0
2021/10/13,89695836,80077842,0,0,0
2021/10/14,89959490,80330887,0,0,0
2021/10/15,90264305,80848802,0,0,0
2021/10/16,90663378,81509280,0,0,0
2021/10/17,90913133,82007175,0,0,0
2021/10/18,91090881,82388648,0,0,0
2021/10/19,91264374,82809359,0,0,0
2021/10/20,91430461,83225616,0,0,0
2021/10/21,91579456,83616019,0,0,0
2021/10/22,91774493,84117527,0,0,0
2021/10/23,92040846,84783409,0,0,0
2021/10/24,92208171,85288303,0,0,0
2021/10/25,92318448,85643665,0,0,0
2021/10/26,92432150,86004658,0,0,0
2021/10/27,92538189,86351198,0,0,0
2021/10/28,92641039,86685486,0,0,0
2021/10/29,92772621,87112385,0,0,0
2021/10/30,92954843,87681951,0,0,0
2021/10/31,93074603,88089847,0,0,0
2021/11/1,93131888,88367592,0,0,0
2021/11/2,93170632,88642992,0,0,0
2021/11/3,93192368,88720567,0,0,0
2021/11/4,93247340,88994511,0,0,0
2021/11/5,93332101,89323256,0,0,0
2021/11/6,93448474,89762900,0,0,0
2021/11/7,93522064,90040937,0,0,0
2021/11/8,93570405,90223899,0,0,0
2021/11/9,93620771,90401586,0,0,0
2021/11/10,93654761,90575838,0,0,0
2021/11/11,93685390,90729222,0,0,0
2021/11/12,93736195,90951513,0,0,0
2021/11/13,93803899,91242499,0,0,0
2021/11/14,93834802,91418606,0,0,0
2021/11/15,93860720,91538760,0,0,0
2021/11/16,93886089,91659875,0,0,0
2021/11/17,93911046,91775469,0,0,0
2021/11/18,93934433,91882300,0,0,0
2021/11/19,93976589,92040059,0,0,0
2021/11/20,94032570,92264018,0,0,0
2021/11/21,94057541,92397870,0,0,0
2021/11/22,94080147,92468311,0,0,0
2021/11/23,94085132,92489152,0,0,0
2021/11/24,94107603,92537939,0,0,0
2021/11/25,94127851,92604184,0,0,0
2021/11/26,94166208,92715209,0,0,0
2021/11/27,94217790,92871798,0,0,0
2021/11/28,94237665,92965426,0,0,0
2021/11/29,94256028,93023106,0,0,0
2021/11/30,94274083,93085363,0,0,0
2021/12/1,94290260,93118323,4940,0,0
2021/12/2,94305540,93148188,8837,0,0
2021/12/3,94334704,93201548,18958,0,0
2021/12/4,94379358,93278680,21551,0,0
2021/12/5,94395574,93311953,22371,0,0
2021/12/6,94409609,93337820,32704,0,0
2021/12/7,94421391,93362307,45011,0,0
2021/12/8,94428231,93385916,58968,0,0
2021/12/9,94433091,93407973,75289,0,0
2021/12/10,94441011,93452272,118269,0,0
2021/12/11,94452037,93514223,125316,0,0
2021/12/12,94456467,93539131,126091,0,0
2021/12/13,94461156,93561063,160228,0,0
2021/12/14,94468479,93568816,198735,0,0
2021/12/15,94478142,93591035,246543,0,0
2021/12/16,94488341,93611362,299371,0,0
2021/12/17,94511291,93652940,395661,0,0
2021/12/18,94546760,93711835,418870,0,0
2021/12/19,94561161,93733896,421481,0,0
2021/12/20,94567639,93752936,478689,0,0
2021/12/21,94580111,93771795,543194,0,0
2021/12/22,94592829,93790593,614860,0,0
2021/12/23,94603361,93807225,689500,0,0
2021/12/24,94621802,93839838,806286,0,0
2021/12/25,94649759,93891480,850523,0,0
2021/12/26,94661179,93912895,857747,0,0
2021/12/27,94670085,93929248,915453,0,0
2021/12/28,94677223,93942223,987900,0,0
2021/12/29,94680150,93946790,1031269,0,0
2021/12/30,94681091,93948013,1042243,0,0
2021/12/31,94681300,93948215,1043107,0,0
2022/1/1,94681314,93948239,1043409,0,0
2022/1/2,94681442,93948429,1044020,0,0
2022/1/3,94681557,93948676,1044839,0,0
2022/1/4,94684839,93955178,1056412,0,0
2022/1/5,94690829,93965671,1086424,0,0
2022/1/6,94697559,93976474,1128314,0,0
2022/1/7,94714000,94001919,1236407,0,0
2022/1/8,94741158,94042151,1357194,0,0
2022/1/9,94751564,94056350,1373663,0,0
2022/1/10,94752884,94058663,1379176,0,0
2022/1/11,94761859,94073913,1472847,0,0
2022/1/12,94771007,94087795,1601325,0,0
2022/1/13,94779253,94098978,1732281,0,0
2022/1/14,94796658,94119599,1970584,0,0
2022/1/15,94823812,94151512,2151655,0,0
2022/1/16,94834619,94164609,2186798,0,0
2022/1/17,94845656,94174942,2348776,0,0
2022/1/18,94857099,94182539,2562002,0,0
2022/1/19,94867834,94187831,2801082,0,0
2022/1/20,94878188,94191592,3040525,0,0
2022/1/21,94890358,94197741,3418360,0,0
2022/1/22,94918131,94204739,3704943,0,0
2022/1/23,94928157,94207954,3792177,0,0
2022/1/24,94939147,94210441,4059666,0,0
2022/1/25,94950197,94214679,4374007,0,0
2022/1/26,94960602,94220618,4707009,0,0
2022/1/27,94970208,94227285,5031680,0,0
2022/1/28,94989544,94243452,5481589,0,0
2022/1/29,95015796,94270913,5850274,0,0
2022/1/30,95025237,94282039,6020065,0,0
2022/1/31,95034816,94284874,6362677,0,0
2022/2/1,95047289,94292262,7012208,0,0
2022/2/2,95054409,94299833,7646821,0,0
2022/2/3,95064027,94307317,8286876,0,0
2022/2/4,95082654,94323335,9075386,0,0
2022/2/5,95108001,94347810,9808707,0,0
2022/2/6,95117431,94357624,10301245,0,0
2022/2/7,95129209,94367293,11092461,0,0
2022/2/8,95139033,94377965,11981940,0,0
2022/2/9,95148477,94387751,12858154,0,0
2022/2/10,95157453,94398195,13758678,0,0
2022/2/11,95161773,94401359,14144874,0,0
2022/2/12,95179854,94427626,15042470,0,0
2022/2/13,95187315,94436932,15662384,0,0
2022/2/14,95195365,94447400,16543671,0,0
2022/2/15,95204640,94458305,17524681,0,0
2022/2/16,95213732,94467809,18471868,0,0
2022/2/17,95222271,94476867,19410743,0,0
2022/2/18,95237737,94496479,20501888,0,0
2022/2/19,95257960,94522109,21558480,0,0
2022/2/20,95266587,94531022,22297331,0,0
2022/2/21,95274271,94540771,23229625,0,0
2022/2/22,95283017,94553695,24285019,0,0
2022/2/23,95285465,94556276,24721639,0,0
2022/2/24,95292941,94567276,25680064,0,0
2022/2/25,95305042,94587140,26813600,0,0
2022/2/26,95322018,94613256,27965509,0,0
2022/2/27,95329560,94623398,28771104,0,0
2022/2/28,95335153,94635459,29679574,0,0
2022/3/1,95343596,94644625,30655616,0,0
2022/3/2,95350851,94653336,31599676,0,0
2022/3/3,95358509,94660813,32542467,0,0
2022/3/4,95373535,94667951,33712676,0,0
2022/3/5,95401096,94687205,34893018,0,0
2022/3/6,95416368,94694130,35678695,0,0
2022/3/7,95428997,94702124,36560763,0,0
2022/3/8,95443214,94710412,37478209,0,0
2022/3/9,95457130,94718732,38350567,0,0
2022/3/10,95472196,94726719,39209372,0,0
2022/3/11,95497229,94740805,40327096,0,0
2022/3/12,95551920,94761249,41454387,0,0
2022/3/13,95576033,94769257,42153298,0,0
2022/3/14,95595379,94776722,42946246,0,0
2022/3/15,95617844,94784797,43777549,0,0
2022/3/16,95637424,94789474,44575626,0,0
2022/3/17,95655106,94796116,45347621,0,0
2022/3/18,95690233,94808043,46413482,0,0
2022/3/19,95761395,94824841,47519182,0,0
2022/3/20,95793252,94832500,48172478,0,0
2022/3/21,95796569,94833888,48372260,0,0
2022/3/22,95820088,94843874,49104909,0,0
2022/3/23,95844049,94851825,49796127,0,0
2022/3/24,95866579,94860485,50475190,0,0
2022/3/25,95908311,94876183,51448441,0,0
2022/3/26,95988036,94904782,52424674,0,0
2022/3/27,96027513,94920140,52951908,0,0
2022/3/28,96052307,94933419,53582725,0,0
2022/3/29,96080271,94947924,54201945,0,0
2022/3/30,96105061,94961690,54754294,0,0
2022/3/31,96124460,94976117,55219571,0,0
2022/4/1,96161192,94999333,55810129,0,0
2022/4/2,96228515,95050292,56463100,0,0
2022/4/3,96259755,95072716,56765280,0,0
2022/4/4,96278983,95091172,57181247,0,0
2022/4/5,96298957,95111686,57608256,0,0
2022/4/6,96316072,95129096,58006641,0,0
2022/4/7,96330473,95145353,58408922,0,0
2022/4/8,96341822,95178288,59118066,0,0
2022/4/9,96387956,95246969,59868017,0,0
2022/4/10,96403219,95275284,60211791,0,0
2022/4/11,96415340,95279638,60609430,0,0
2022/4/12,96421097,95300133,61007596,0,0
2022/4/13,96426448,95320774,61384352,0,0
2022/4/14,96431489,95340112,61761087,0,0
2022/4/15,96452102,95379431,62476813,0,0
2022/4/16,96494112,95457030,63232634,0,0
2022/4/17,96512929,95492875,63565694,0,0
2022/4/18,96526446,95513658,63917507,0,0
2022/4/19,96541213,95537314,64272031,0,0
2022/4/20,96555932,95559159,64615234,0,0
2022/4/21,96569427,95576086,64968381,0,0
2022/4/22,96595260,95614085,65662491,0,0
2022/4/23,96649361,95686992,66431229,0,0
2022/4/24,96668965,95718637,66756200,0,0
2022/4/25,96683641,95736610,67095240,0,0
2022/4/26,96698926,95755778,67429294,0,0
2022/4/27,96711934,95773177,67756750,0,0
2022/4/28,96726979,95790688,68212929,0,0
2022/4/29,96731334,95795266,68470600,0,0
2022/4/30,96764761,95844787,68994638,0,0
2022/5/1,96772212,95858538,69153462,0,0
2022/5/2,96779531,95870463,69391402,0,0
2022/5/3,96780796,95871665,69466658,0,0
2022/5/4,96781547,95872703,69517195,0,0
2022/5/5,96782106,95873365,69549796,0,0
2022/5/6,96798749,95896522,69872885,0,0
2022/5/7,96831492,95939642,70252727,0,0
2022/5/8,96842300,95957750,70375222,0,0
2022/5/9,96852740,95972349,70578814,0,0
2022/5/10,96864376,95988202,70790725,0,0
2022/5/11,96873672,96003039,70993431,0,0
2022/5/12,96881717,96016298,71195180,0,0
2022/5/13,96900739,96043375,71649557,0,0
2022/5/14,96931392,96098371,72156683,0,0
2022/5/15,96939689,96117396,72329133,0,0
2022/5/16,96946865,96131397,72512266,0,0
2022/5/17,96954205,96145944,72690873,0,0
2022/5/18,96961239,96158764,72862277,0,0
2022/5/19,96966953,96171308,73032407,0,0
2022/5/20,96982842,96180480,73420956,0,0
2022/5/21,97005966,96216568,73853657,0,0
2022/5/22,97012149,96225796,73979312,0,0
2022/5/23,97019697,96233025,74120906,0,0
2022/5/24,97027489,96235855,74257914,0,0
2022/5/25,97035202,96238688,74389841,404,0
2022/5/26,97041533,96241081,74527652,1025,0
2022/5/27,97054689,96258222,74855045,2343,0
2022/5/28,97074696,96293686,75233905,3697,0
2022/5/29,97079123,96305064,75349231,4293,0
2022/5/30,97084451,96315724,75460669,5564,0
2022/5/31,97089713,96327001,75566954,7151,0
2022/6/1,97094421,96335444,75641265,9026,0
2022/6/2,97098388,96342401,75716932,10495,0
2022/6/3,97109777,96360806,75927570,13968,0
2022/6/4,97130150,96391733,76168620,17644,0
2022/6/5,97134145,96399396,76226358,18400,0
2022/6/6,97138880,96406076,76302027,21076,0
2022/6/7,97143931,96412927,76375130,24571,0
2022/6/8,97148085,96419350,76442972,28965,0
2022/6/9,97152186,96424893,76510243,32699,0
2022/6/10,97160920,96441216,76699666,41072,0
2022/6/11,97176619,96465382,76918004,50306,0
2022/6/12,97179053,96471613,76970722,52189,0
2022/6/13,97182024,96478958,77033889,59752,0
2022/6/14,97184967,96486546,77094904,69214,0
2022/6/15,97187773,96493824,77152108,79855,0
2022/6/16,97190091,96499722,77208055,91323,0
2022/6/17,97198483,96513189,77373910,114916,0
2022/6/18,97212388,96534778,77554608,138806,0
2022/6/19,97214659,96539215,77598886,145422,0
2022/6/20,97218001,96544474,77652348,170555,0
2022/6/21,97221545,96549683,77702227,204716,0
2022/6/22,97224811,96554719,77751734,241189,0
2022/6/23,97227316,96558976,77800743,277956,0
2022/6/24,97235330,96571527,77939874,349627,0
2022/6/25,97247289,96593611,78105132,416233,0
2022/6/26,97249621,96598029,78143769,437939,0
2022/6/27,97251241,96602895,78186561,513764,0
2022/6/28,97254023,96608088,78227850,602829,0
2022/6/29,97256817,96612620,78267628,688682,0
2022/6/30,97258955,96616544,78306459,771809,0
2022/7/1,97265523,96625264,78388599,961572,0
2022/7/2,97275003,96640789,78484622,1123032,0
2022/7/3,97276889,96643121,78509263,1182541,0
2022/7/4,97279578,96645992,78543238,1405908,0
2022/7/5,97282654,96648907,78576492,1645707,0
2022/7/6,97285299,96651778,78610322,1876463,0
2022/7/7,97287873,96654211,78645064,2126083,0
2022/7/8,97294557,96662704,78729788,2512898,0
2022/7/9,97305353,96677438,78830259,2849480,0
2022/7/10,97307308,96679636,78859153,2977954,0
2022/7/11,97309795,96683042,78899609,3339398,0
2022/7/12,97312506,96686606,78939627,3742875,0
2022/7/13,97315177,96689866,78980203,4127992,0
2022/7/14,97317838,96692437,79019000,4520308,0
2022/7/15,97325455,96700455,79111314,5076265,0
2022/7/16,97338599,96712545,79235105,5608472,0
2022/7/17,97341026,96715106,79281952,5867635,0
2022/7/18,97341582,96715357,79295171,5956565,0
2022/7/19,97345370,96718537,79335210,6489376,0
2022/7/20,97349933,96721556,79377837,7032728,0
2022/7/21,97352548,96723986,79422272,7552492,0
2022/7/22,97360647,96731055,79517752,8258253,0
2022/7/23,97371546,96741380,79639912,8945349,0
2022/7/24,97374387,96743522,79687978,9332341,0
2022/7/25,97379153,96746997,79738621,9896490,0
2022/7/26,97384925,96750548,79793887,10515527,0
2022/7/27,97391061,96753756,79849471,11102744,0
2022/7/28,97397132,96756636,79901844,11689959,0
2022/7/29,97410737,96763773,80005547,12453076,0
2022/7/30,97430763,96774772,80129369,13200369,0
2022/7/31,97434993,96776840,80180542,13592870,0
2022/8/1,97442353,96779427,80235670,14110482,0
2022/8/2,97450660,96782198,80293883,14699303,0
2022/8/3,97457676,96784852,80348855,15278030,0
2022/8/4,97464097,96787564,80401882,15844224,0
2022/8/5,97478311,96794602,80501848,16631546,0
2022/8/6,97499133,96806847,80618528,17387107,0
2022/8/7,97504177,96809164,80667868,17754552,0
2022/8/8,97510410,96810788,80722682,18325039,0
2022/8/9,97517103,96814457,80781234,18942367,0
2022/8/10,97522804,96818701,80845514,19570080,0
2022/8/11,97523651,96819299,80874437,19747561,0
2022/8/12,97529218,96824717,80943556,20252095,0
2022/8/13,97534535,96830579,80994883,20507316,0
2022/8/14,97536051,96832438,81019984,20623072,0
2022/8/15,97537931,96834838,81042667,20804986,0
2022/8/16,97540997,96839136,81076257,21164797,0
2022/8/17,97544601,96844517,81114825,21641332,0
2022/8/18,97548341,96850321,81152113,22154614,0
2022/8/19,97556778,96862993,81221280,22900700,0
2022/8/20,97569898,96882632,81303981,23599120,0
2022/8/21,97572730,96886680,81335920,23945771,0
2022/8/22,97576649,96894056,81374495,24447893,0
2022/8/23,97581324,96902501,81413810,24996883,0
2022/8/24,97585397,96909281,81449606,25514069,0
2022/8/25,97589130,96915538,81484773,26005788,0
2022/8/26,97597179,96929691,81551089,26726789,0
2022/8/27,97609820,96950365,81628839,27365008,0
2022/8/28,97612156,96955176,81657483,27657903,0
2022/8/29,97614555,96961332,81690051,28101395,0
2022/8/30,97618658,96967931,81721926,28589014,0
2022/8/31,97622279,96973158,81749599,29018464,0
2022/9/1,97625998,96974500,81770278,29343231,0
2022/9/2,97630456,96980577,81815320,29854084,0
2022/9/3,97646300,96989339,81872037,30278850,0
2022/9/4,97649257,96990888,81888251,30429055,0
2022/9/5,97652879,96992925,81910600,30725041,0
2022/9/6,97656937,96995681,81932772,31036192,0
2022/9/7,97660918,96998716,81954529,31332143,0
2022/9/8,97664037,97001571,81973656,31594790,0
2022/9/9,97673667,97009643,82017005,32015899,0
2022/9/10,97680191,97022839,82069969,32378482,0
2022/9/11,97681045,97025143,82084184,32486678,0
2022/9/12,97682542,97028425,82105694,32724443,0
2022/9/13,97684259,97032230,82125935,32980010,0
2022/9/14,97685757,97035699,82145084,33207096,0
2022/9/15,97687050,97038750,82162015,33408020,0
2022/9/16,97691113,97047036,82202699,33739648,0
2022/9/17,97696919,97060621,82256715,34003259,0
2022/9/18,97697735,97062459,82270129,34063095,0
2022/9/19,97697925,97062758,82273191,34077070,0
2022/9/20,97699448,97066911,82290794,34255053,1
2022/9/21,97700930,97070581,82307578,34429009,1
2022/9/22,97702609,97075108,82328989,34606661,2
2022/9/23,97703488,97076355,82343527,34657874,2
2022/9/24,97707535,97093803,82387833,34844389,13
2022/9/25,97708375,97097171,82400952,34915871,13
2022/9/26,97709693,97101813,82418373,35066064,13
2022/9/27,97711035,97106452,82435495,35229071,15
2022/9/28,97712359,97110943,82452183,35389281,16
2022/9/29,97713436,97114605,82467908,35537944,17
2022/9/30,97716608,97126489,82506083,35783060,29
2022/10/1,97720186,97132287,82539793,35940373,33
2022/10/2,97721308,97132996,82548482,35995812,38
2022/10/3,97722352,97134301,82561436,36098751,42
2022/10/4,97723525,97135749,82575957,36211916,54
2022/10/5,97724628,97136975,82590079,36319259,56
2022/10/6,97725720,97138158,82603374,36424626,62
2022/10/7,97728238,97141941,82636044,36641760,82
2022/10/8,97732111,97147603,82686921,36893869,92
2022/10/9,97733188,97148552,82705457,36990322,100
2022/10/10,97733335,97148717,82710143,37017405,104
2022/10/11,97734278,97150032,82731158,37170866,119
2022/10/12,97735295,97151296,82753481,37320158,130
2022/10/13,97735900,97152436,82775494,37462725,135
2022/10/14,97738083,97154377,82822363,37750656,152
2022/10/15,97742048,97158971,82891759,38080950,167
2022/10/16,97742855,97159842,82917578,38212961,170
2022/10/17,97743786,97160985,82948218,38391207,188
2022/10/18,97744863,97162212,82979955,38579490,214
2022/10/19,97746083,97163505,83009435,38762932,265
2022/10/20,97747144,97164493,83035887,38942061,292
2022/10/21,97749620,97167417,83088557,39295336,994
2022/10/22,97753420,97172010,83165542,39729814,3078
2022/10/23,97754390,97173520,83194869,39901794,4757
2022/10/24,97755540,97174889,83226340,40096610,8691
2022/10/25,97756652,97176343,83257883,40305112,18530
2022/10/26,97757862,97177747,83287274,40510032,34588
2022/10/27,97758972,97179164,83313825,40712027,59070
2022/10/28,97761759,97182425,83366207,41104919,96232
2022/10/29,97766447,97187099,83439636,41582054,135261
2022/10/30,97767729,97188332,83468868,41780192,166068
2022/10/31,97768826,97188907,83496223,41979838,224136
2022/11/1,97770247,97189801,83523578,42189539,337211
2022/11/2,97771297,97190810,83556069,42453013,464930
2022/11/3,97771699,97191067,83571451,42568413,531230
2022/11/4,97774879,97193514,83615728,42955842,704481
2022/11/5,97780738,97197932,83677661,43418505,890675
2022/11/6,97782537,97198737,83702721,43605336,1031283
2022/11/7,97784156,97199730,83727025,43794486,1257000
2022/11/8,97786255,97200846,83752357,43990478,1527419
2022/11/9,97788780,97202085,83776898,44184304,1805572
2022/11/10,97790526,97203324,83800268,44388639,2082951
2022/11/11,97795333,97206050,83844536,44792886,2420049
2022/11/12,97802478,97210141,83904569,45271681,2769896
2022/11/13,97804336,97211250,83930917,45472360,3024948
2022/11/14,97806797,97212408,83954126,45653750,3377856
2022/11/15,97810338,97213638,83978658,45848000,3779894
2022/11/16,97813737,97214935,84002893,46043885,4186404
2022/11/17,97816849,97216054,84025819,46243604,4578434
2022/11/18,97823486,97218791,84069271,46640847,5052528
2022/11/19,97833673,97223697,84129232,47094835,5506741
2022/11/20,97836179,97225064,84156248,47294827,5825117
2022/11/21,97839743,97226296,84178990,47473596,6262700
2022/11/22,97845127,97227844,84209861,47738103,6776759
2022/11/23,97846203,97228229,84225963,47850985,6983336
2022/11/24,97850217,97229119,84248511,48049391,7450786
2022/11/25,97858655,97232446,84290515,48423014,8029331
2022/11/26,97869662,97238759,84350576,48850348,8572462
2022/11/27,97873155,97240815,84377504,49032568,8939375
2022/11/28,97877464,97242600,84400486,49207649,9428871
2022/11/29,97883487,97244724,84425561,49397854,9977438
2022/11/30,97888780,97247416,84450208,49581879,10503508
2022/12/1,97893805,97248937,84470748,49750877,11013314
2022/12/2,97903719,97253006,84509962,50084126,11651263
2022/12/3,97916689,97259816,84562809,50460058,12240184
2022/12/4,97920861,97261646,84586516,50618681,12594706
2022/12/5,97925863,97263943,84608210,50777715,13114786
2022/12/6,97932622,97267152,84631787,50948020,13704518
2022/12/7,97936900,97270182,84655363,51120828,14270719
2022/12/8,97939307,97272992,84678309,51300741,14802971
2022/12/9,97943406,97279081,84721916,51660090,15484569
2022/12/10,97948435,97288507,84780320,52050477,16089027
2022/12/11,97949722,97290809,84806284,52211204,16443961
2022/12/12,97951277,97293747,84829220,52371666,16974935
2022/12/13,97953764,97298054,84854613,52545671,17561860
2022/12/14,97956717,97299446,84879976,52717165,18119036
2022/12/15,97959890,97302790,84903590,52891545,18635282
2022/12/16,97966529,97310567,84948404,53237731,19303329
2022/12/17,97975999,97321749,85008885,53613089,19887740
2022/12/18,97978964,97325062,85035198,53769886,20221368
2022/12/19,97981068,97328983,85058702,53921302,20702542
2022/12/20,97986143,97334633,85084574,54083530,21236436
2022/12/21,97990866,97339470,85108892,54238125,21736227
2022/12/22,97994862,97344688,85130886,54389062,22200489
2022/12/23,98001539,97354186,85168110,54643319,22765416
2022/12/24,98008838,97366609,85208354,54896978,23218816
2022/12/25,98010637,97370643,85226784,55005203,23427667
2022/12/26,98014135,97376137,85254094,55154435,23787476
2022/12/27,98018565,97383028,85281450,55301629,24135211
2022/12/28,98021029,97387058,85304260,55428652,24358474
2022/12/29,98022197,97388525,85315624,55489489,24436485
2022/12/30,98022514,97389224,85319307,55506963,24452909
2022/12/31,98022583,97389378,85319948,55509395,24454121
2023/1/1,98022584,97389380,85319998,55509694,24454296
2023/1/2,98022644,97389443,85320529,55511395,24455033
2023/1/3,98022716,97389539,85321101,55513193,24456017
2023/1/4,98024010,97391227,85327880,55541414,24517923
2023/1/5,98026594,97394211,85337393,55582327,24631898
2023/1/6,98032666,97401320,85357752,55678482,24855101
2023/1/7,98041870,97411898,85386258,55808016,25064761
2023/1/8,98044307,97414809,85396160,55849988,25128502
2023/1/9,98044581,97415065,85398561,55858885,25147231
2023/1/10,98049243,97420721,85411170,55913858,25373478
2023/1/11,98053351,97425723,85423719,55971227,25612105
2023/1/12,98057273,97429836,85435380,56027770,25828282
2023/1/13,98064091,97437480,85460705,56154009,26145921
2023/1/14,98069791,97446446,85497363,56305662,26413852
2023/1/15,98070646,97448278,85507211,56344467,26495850
2023/1/16,98072221,97451913,85520333,56401107,26703242
2023/1/17,98074488,97456236,85533838,56458381,26924404
2023/1/18,98076345,97459201,85546873,56512058,27119940
2023/1/19,98077841,97461002,85558104,56562231,27289765
2023/1/20,98081126,97463526,85583972,56680406,27546847
2023/1/21,98084419,97466546,85618756,56813404,27753488
2023/1/22,98085116,97467056,85627834,56843974,27814091
2023/1/23,98086253,97467982,85640529,56889814,27961790
2023/1/24,98088128,97469134,85653203,56935171,28114838
2023/1/25,98089425,97470668,85664911,56976098,28239707
2023/1/26,98090825,97473303,85676314,57018015,28362765
2023/1/27,98093792,97479351,85702312,57119356,28550398
2023/1/28,98098847,97489088,85737419,57232318,28703870
2023/1/29,98099748,97491652,85746875,57259205,28744305
2023/1/30,98100729,97492601,85759058,57295521,28844275
2023/1/31,98102292,97497092,85771820,57330541,28947903
2023/2/1,98103722,97500669,85781364,57352553,29009439
2023/2/2,98104435,97504068,85789930,57373460,29062225
2023/2/3,98106973,97510559,85809920,57427483,29147893
2023/2/4,98111029,97516123,85838810,57495202,29224922
2023/2/5,98111955,97516882,85844677,57506743,29239863
2023/2/6,98112944,97518319,85854948,57528394,29287939
2023/2/7,98114335,97520393,85865718,57549968,29342101
2023/2/8,98115401,97522214,85875045,57569682,29387834
2023/2/9,98116387,97523551,85884201,57589152,29428741
2023/2/10,98118056,97526467,85906105,57643573,29500499
2023/2/11,98118845,97527860,85917123,57665358,29517520
2023/2/12,98119413,97528573,85922747,57673795,29527802
2023/2/13,98120078,97529699,85932458,57690919,29561143
2023/2/14,98120988,97531396,85942230,57707263,29597869
2023/2/15,98121736,97532814,85951048,57722176,29628912
2023/2/16,98122494,97534102,85959547,57737293,29656826
2023/2/17,98124047,97536842,85977876,57773714,29704880
2023/2/18,98126996,97542125,86004067,57822068,29753502
2023/2/19,98127529,97542921,86009524,57829477,29760505
2023/2/20,98128072,97543763,86017647,57841924,29781096
2023/2/21,98128903,97545092,86025677,57853779,29803539
2023/2/22,98129579,97546301,86034335,57869628,29824103
2023/2/23,98129695,97546444,86036601,57873467,29826279
2023/2/24,98130940,97548415,86047648,57896229,29850751
2023/2/25,98132362,97551252,86060872,57920920,29872725
